date,time,region,category,title,detail,energy_relevance,fuel_scope,previous,consensus,actual,recurring,cadence,source_url,notes,status,last_verified,date_source
2026-07-31,19:30,US,other,"CFTC Commitments of Traders, 31 July 2026",The Commodity Futures Trading Commission publishes the Commitments of Traders reports covering positions as of the previous Tuesday.,Managed money positioning in gas and crude futures is the cleanest read on how much of a price move is speculative rather than physical.,both,,,,yes,"weekly, 15:30 eastern on Fridays, covering the previous Tuesday",https://www.cftc.gov/MarketReports/CommitmentsofTraders/ReleaseSchedule/index.htm,,scheduled,2026-07-31,published
2026-08-05,14:30,US,inventory,"EIA weekly petroleum status, week 32 2026","The Energy Information Administration publishes US crude oil, gasoline and distillate stocks, runs and product supplied.","Crude and product stocks move the oil complex, which still prices a large share of term LNG and so feeds European gas.",gas,,,,yes,"weekly, 10:30 eastern on Wednesdays, shifted for public holidays",https://www.eia.gov/petroleum/supply/weekly/schedule.php,Date generated from the standard weekly cadence stated on the release schedule page. The EIA publishes only its holiday exceptions as dates.,scheduled,2026-07-31,generated
2026-08-06,14:30,US,inventory,"EIA weekly natural gas storage, week 32 2026",The Energy Information Administration publishes working gas in underground storage for the lower 48 states.,The weekly storage change is the reference print for Henry Hub and sets the tone for TTF and NBP through the LNG arbitrage.,gas,,,,yes,"weekly, 10:30 eastern on Thursdays, shifted for public holidays",https://ir.eia.gov/ngs/schedule.html,Date generated from the standard weekly cadence stated on the release schedule page. The EIA publishes only its holiday exceptions as dates.,scheduled,2026-07-31,generated
2026-08-07,19:30,US,other,"CFTC Commitments of Traders, 7 August 2026",The Commodity Futures Trading Commission publishes the Commitments of Traders reports covering positions as of the previous Tuesday.,Managed money positioning in gas and crude futures is the cleanest read on how much of a price move is speculative rather than physical.,both,,,,yes,"weekly, 15:30 eastern on Fridays, covering the previous Tuesday",https://www.cftc.gov/MarketReports/CommitmentsofTraders/ReleaseSchedule/index.htm,,scheduled,2026-07-31,published
2026-08-07,12:30,US,employment,"US employment situation release, August 2026",The Bureau of Labor Statistics publishes non farm payrolls and the unemployment rate for the previous month.,Payrolls is the single largest scheduled mover of the dollar and of the rate path that discounts energy forward curves.,both,,,,yes,"monthly, usually the first Friday of the month",https://www.bls.gov/schedule/news_release/bls.ics,Date and time taken from the BLS published iCalendar and converted from US Eastern to UTC.,scheduled,2026-07-31,published
2026-08-11,,US,other,"EIA Short Term Energy Outlook, August 2026",The Energy Information Administration publishes its monthly Short Term Energy Outlook covering the next two calendar years.,"The outlook carries the EIA view on US gas balances, LNG exports and Henry Hub, which anchors expectations for cargoes reaching Europe.",both,,,,yes,"monthly, usually the second Tuesday of the month",https://www.eia.gov/outlooks/steo/,"Only the next release date is published on the outlook page, so the series appears one month at a time.",scheduled,2026-07-31,published
2026-08-12,14:30,US,inventory,"EIA weekly petroleum status, week 33 2026","The Energy Information Administration publishes US crude oil, gasoline and distillate stocks, runs and product supplied.","Crude and product stocks move the oil complex, which still prices a large share of term LNG and so feeds European gas.",gas,,,,yes,"weekly, 10:30 eastern on Wednesdays, shifted for public holidays",https://www.eia.gov/petroleum/supply/weekly/schedule.php,Date generated from the standard weekly cadence stated on the release schedule page. The EIA publishes only its holiday exceptions as dates.,scheduled,2026-07-31,generated
2026-08-12,12:30,US,inflation,"US consumer price index release, August 2026",The Bureau of Labor Statistics publishes the consumer price index for the previous month.,"US inflation drives Federal Reserve expectations and the dollar, which reprices dollar denominated crude and LNG cargoes.",both,,,,yes,"monthly, usually mid month for the previous month",https://www.bls.gov/schedule/news_release/bls.ics,Date and time taken from the BLS published iCalendar and converted from US Eastern to UTC.,scheduled,2026-07-31,published
2026-08-13,14:30,US,inventory,"EIA weekly natural gas storage, week 33 2026",The Energy Information Administration publishes working gas in underground storage for the lower 48 states.,The weekly storage change is the reference print for Henry Hub and sets the tone for TTF and NBP through the LNG arbitrage.,gas,,,,yes,"weekly, 10:30 eastern on Thursdays, shifted for public holidays",https://ir.eia.gov/ngs/schedule.html,Date generated from the standard weekly cadence stated on the release schedule page. The EIA publishes only its holiday exceptions as dates.,scheduled,2026-07-31,generated
2026-08-13,06:00,UK,growth,"ONS first quarterly GDP estimate, April to June 2026",The Office for National Statistics publishes its first quarterly estimate of gross domestic product. This release covers April to June 2026.,The quarterly path of output frames the demand side of UK gas and power balances for the year ahead.,both,,,,yes,"quarterly, about six weeks after the quarter end",https://www.ons.gov.uk/releases/gdpfirstquarterlyestimateukapriltojune2026,Release time published as UK civil time and converted to UTC.,scheduled,2026-07-31,published
2026-08-13,06:00,UK,growth,"ONS monthly GDP estimate, June 2026","The Office for National Statistics publishes its monthly estimate of gross domestic product, with output by industry. This release covers June 2026.",Industrial output within the release is the closest published proxy for UK non domestic gas and power demand.,both,,,,yes,"monthly, about six weeks after the reference month",https://www.ons.gov.uk/releases/gdpmonthlyestimateukjune2026,Release time published as UK civil time and converted to UTC.,scheduled,2026-07-31,published
2026-08-14,19:30,US,other,"CFTC Commitments of Traders, 14 August 2026",The Commodity Futures Trading Commission publishes the Commitments of Traders reports covering positions as of the previous Tuesday.,Managed money positioning in gas and crude futures is the cleanest read on how much of a price move is speculative rather than physical.,both,,,,yes,"weekly, 15:30 eastern on Fridays, covering the previous Tuesday",https://www.cftc.gov/MarketReports/CommitmentsofTraders/ReleaseSchedule/index.htm,,scheduled,2026-07-31,published
2026-08-18,06:00,UK,employment,"ONS labour market statistics, August 2026","The Office for National Statistics publishes the labour market overview covering employment, unemployment and earnings growth. This release covers August 2026.",Earnings growth is the main domestic input to the Bank Rate path and so to the discount rate behind UK forward power and gas.,both,,,,yes,"monthly, usually the Tuesday before the CPI release",https://www.ons.gov.uk/releases/uklabourmarketaugust2026,Release time published as UK civil time and converted to UTC. The ONS renamed this release from the labour market overview to UK Labour Market. The match follows the current name.,scheduled,2026-07-31,published
2026-08-19,14:30,US,inventory,"EIA weekly petroleum status, week 34 2026","The Energy Information Administration publishes US crude oil, gasoline and distillate stocks, runs and product supplied.","Crude and product stocks move the oil complex, which still prices a large share of term LNG and so feeds European gas.",gas,,,,yes,"weekly, 10:30 eastern on Wednesdays, shifted for public holidays",https://www.eia.gov/petroleum/supply/weekly/schedule.php,Date generated from the standard weekly cadence stated on the release schedule page. The EIA publishes only its holiday exceptions as dates.,scheduled,2026-07-31,generated
2026-08-19,06:00,UK,inflation,"ONS consumer price inflation, July 2026","The Office for National Statistics publishes the consumer price inflation bulletin covering CPIH, CPI and RPI. This release covers July 2026.","The electricity, gas and other fuels component is the published read on how wholesale energy costs reach UK households, and it shapes the Bank Rate path.",both,,,,yes,"monthly, roughly the third week of the following month",https://www.ons.gov.uk/releases/consumerpriceinflationukjuly2026,Release time published as UK civil time and converted to UTC.,scheduled,2026-07-31,published
2026-08-20,14:30,US,inventory,"EIA weekly natural gas storage, week 34 2026",The Energy Information Administration publishes working gas in underground storage for the lower 48 states.,The weekly storage change is the reference print for Henry Hub and sets the tone for TTF and NBP through the LNG arbitrage.,gas,,,,yes,"weekly, 10:30 eastern on Thursdays, shifted for public holidays",https://ir.eia.gov/ngs/schedule.html,Date generated from the standard weekly cadence stated on the release schedule page. The EIA publishes only its holiday exceptions as dates.,scheduled,2026-07-31,generated
2026-08-21,19:30,US,other,"CFTC Commitments of Traders, 21 August 2026",The Commodity Futures Trading Commission publishes the Commitments of Traders reports covering positions as of the previous Tuesday.,Managed money positioning in gas and crude futures is the cleanest read on how much of a price move is speculative rather than physical.,both,,,,yes,"weekly, 15:30 eastern on Fridays, covering the previous Tuesday",https://www.cftc.gov/MarketReports/CommitmentsofTraders/ReleaseSchedule/index.htm,,scheduled,2026-07-31,published
2026-08-26,14:30,US,inventory,"EIA weekly petroleum status, week 35 2026","The Energy Information Administration publishes US crude oil, gasoline and distillate stocks, runs and product supplied.","Crude and product stocks move the oil complex, which still prices a large share of term LNG and so feeds European gas.",gas,,,,yes,"weekly, 10:30 eastern on Wednesdays, shifted for public holidays",https://www.eia.gov/petroleum/supply/weekly/schedule.php,Date generated from the standard weekly cadence stated on the release schedule page. The EIA publishes only its holiday exceptions as dates.,scheduled,2026-07-31,generated
2026-08-27,14:30,US,inventory,"EIA weekly natural gas storage, week 35 2026",The Energy Information Administration publishes working gas in underground storage for the lower 48 states.,The weekly storage change is the reference print for Henry Hub and sets the tone for TTF and NBP through the LNG arbitrage.,gas,,,,yes,"weekly, 10:30 eastern on Thursdays, shifted for public holidays",https://ir.eia.gov/ngs/schedule.html,Date generated from the standard weekly cadence stated on the release schedule page. The EIA publishes only its holiday exceptions as dates.,scheduled,2026-07-31,generated
2026-08-28,19:30,US,other,"CFTC Commitments of Traders, 28 August 2026",The Commodity Futures Trading Commission publishes the Commitments of Traders reports covering positions as of the previous Tuesday.,Managed money positioning in gas and crude futures is the cleanest read on how much of a price move is speculative rather than physical.,both,,,,yes,"weekly, 15:30 eastern on Fridays, covering the previous Tuesday",https://www.cftc.gov/MarketReports/CommitmentsofTraders/ReleaseSchedule/index.htm,,scheduled,2026-07-31,published
2026-09-02,14:30,US,inventory,"EIA weekly petroleum status, week 36 2026","The Energy Information Administration publishes US crude oil, gasoline and distillate stocks, runs and product supplied.","Crude and product stocks move the oil complex, which still prices a large share of term LNG and so feeds European gas.",gas,,,,yes,"weekly, 10:30 eastern on Wednesdays, shifted for public holidays",https://www.eia.gov/petroleum/supply/weekly/schedule.php,Date generated from the standard weekly cadence stated on the release schedule page. The EIA publishes only its holiday exceptions as dates.,scheduled,2026-07-31,generated
2026-09-03,14:30,US,inventory,"EIA weekly natural gas storage, week 36 2026",The Energy Information Administration publishes working gas in underground storage for the lower 48 states.,The weekly storage change is the reference print for Henry Hub and sets the tone for TTF and NBP through the LNG arbitrage.,gas,,,,yes,"weekly, 10:30 eastern on Thursdays, shifted for public holidays",https://ir.eia.gov/ngs/schedule.html,Date generated from the standard weekly cadence stated on the release schedule page. The EIA publishes only its holiday exceptions as dates.,scheduled,2026-07-31,generated
2026-09-04,19:30,US,other,"CFTC Commitments of Traders, 4 September 2026",The Commodity Futures Trading Commission publishes the Commitments of Traders reports covering positions as of the previous Tuesday.,Managed money positioning in gas and crude futures is the cleanest read on how much of a price move is speculative rather than physical.,both,,,,yes,"weekly, 15:30 eastern on Fridays, covering the previous Tuesday",https://www.cftc.gov/MarketReports/CommitmentsofTraders/ReleaseSchedule/index.htm,,scheduled,2026-07-31,published
2026-09-04,12:30,US,employment,"US employment situation release, September 2026",The Bureau of Labor Statistics publishes non farm payrolls and the unemployment rate for the previous month.,Payrolls is the single largest scheduled mover of the dollar and of the rate path that discounts energy forward curves.,both,,,,yes,"monthly, usually the first Friday of the month",https://www.bls.gov/schedule/news_release/bls.ics,Date and time taken from the BLS published iCalendar and converted from US Eastern to UTC.,scheduled,2026-07-31,published
2026-09-10,,EU,rates,"ECB monetary policy decision, September 2026","The Governing Council closes its monetary policy meeting and announces its rate decision, followed by a press conference.",Euro area policy rates set the discount rate behind TTF and continental power curves and move the euro against dollar priced LNG.,both,,,,yes,"eight monetary policy meetings a year, decision on the second day",https://www.ecb.europa.eu/press/calendars/mgcgc/html/index.en.html,,scheduled,2026-07-31,published
2026-09-10,14:30,US,inventory,"EIA weekly natural gas storage, week 37 2026",The Energy Information Administration publishes working gas in underground storage for the lower 48 states.,The weekly storage change is the reference print for Henry Hub and sets the tone for TTF and NBP through the LNG arbitrage.,gas,,,,yes,"weekly, 10:30 eastern on Thursdays, shifted for public holidays",https://ir.eia.gov/ngs/schedule.html,Date generated from the standard weekly cadence stated on the release schedule page. The EIA publishes only its holiday exceptions as dates.,scheduled,2026-07-31,generated
2026-09-10,16:00,US,inventory,"EIA weekly petroleum status, week 37 2026","The Energy Information Administration publishes US crude oil, gasoline and distillate stocks, runs and product supplied.","Crude and product stocks move the oil complex, which still prices a large share of term LNG and so feeds European gas.",gas,,,,yes,"weekly, 10:30 eastern on Wednesdays, shifted for public holidays",https://www.eia.gov/petroleum/supply/weekly/schedule.php,"Holiday exception published on the release schedule page. Holiday: Labor Day. Covers data for the week ending September 4, 2026.",scheduled,2026-07-31,published
2026-09-11,19:30,US,other,"CFTC Commitments of Traders, 11 September 2026",The Commodity Futures Trading Commission publishes the Commitments of Traders reports covering positions as of the previous Tuesday.,Managed money positioning in gas and crude futures is the cleanest read on how much of a price move is speculative rather than physical.,both,,,,yes,"weekly, 15:30 eastern on Fridays, covering the previous Tuesday",https://www.cftc.gov/MarketReports/CommitmentsofTraders/ReleaseSchedule/index.htm,,scheduled,2026-07-31,published
2026-09-11,06:00,UK,growth,"ONS monthly GDP estimate, July 2026","The Office for National Statistics publishes its monthly estimate of gross domestic product, with output by industry. This release covers July 2026.",Industrial output within the release is the closest published proxy for UK non domestic gas and power demand.,both,,,,yes,"monthly, about six weeks after the reference month",https://www.ons.gov.uk/releases/gdpmonthlyestimateukjuly2026,Release time published as UK civil time and converted to UTC.,scheduled,2026-07-31,published
2026-09-11,12:30,US,inflation,"US consumer price index release, September 2026",The Bureau of Labor Statistics publishes the consumer price index for the previous month.,"US inflation drives Federal Reserve expectations and the dollar, which reprices dollar denominated crude and LNG cargoes.",both,,,,yes,"monthly, usually mid month for the previous month",https://www.bls.gov/schedule/news_release/bls.ics,Date and time taken from the BLS published iCalendar and converted from US Eastern to UTC.,scheduled,2026-07-31,published
2026-09-15,06:00,UK,employment,"ONS labour market statistics, September 2026","The Office for National Statistics publishes the labour market overview covering employment, unemployment and earnings growth. This release covers September 2026.",Earnings growth is the main domestic input to the Bank Rate path and so to the discount rate behind UK forward power and gas.,both,,,,yes,"monthly, usually the Tuesday before the CPI release",https://www.ons.gov.uk/releases/uklabourmarketseptember2026,Release time published as UK civil time and converted to UTC. The ONS renamed this release from the labour market overview to UK Labour Market. The match follows the current name.,scheduled,2026-07-31,published
2026-09-16,14:30,US,inventory,"EIA weekly petroleum status, week 38 2026","The Energy Information Administration publishes US crude oil, gasoline and distillate stocks, runs and product supplied.","Crude and product stocks move the oil complex, which still prices a large share of term LNG and so feeds European gas.",gas,,,,yes,"weekly, 10:30 eastern on Wednesdays, shifted for public holidays",https://www.eia.gov/petroleum/supply/weekly/schedule.php,Date generated from the standard weekly cadence stated on the release schedule page. The EIA publishes only its holiday exceptions as dates.,scheduled,2026-07-31,generated
2026-09-16,,US,rates,"FOMC monetary policy decision, September 2026",The Federal Open Market Committee closes a scheduled two day meeting and publishes its policy statement.,"US policy rates move the dollar and the market's read on global demand, which feeds through dollar priced crude and LNG into European gas.",both,,,,yes,"eight scheduled meetings a year, statement on the second day",https://www.federalreserve.gov/monetarypolicy/fomccalendars.htm,Meeting associated with a Summary of Economic Projections.,scheduled,2026-07-31,published
2026-09-16,06:00,UK,inflation,"ONS consumer price inflation, August 2026","The Office for National Statistics publishes the consumer price inflation bulletin covering CPIH, CPI and RPI. This release covers August 2026.","The electricity, gas and other fuels component is the published read on how wholesale energy costs reach UK households, and it shapes the Bank Rate path.",both,,,,yes,"monthly, roughly the third week of the following month",https://www.ons.gov.uk/releases/consumerpriceinflationukaugust2026,Release time published as UK civil time and converted to UTC.,scheduled,2026-07-31,published
2026-09-17,,UK,rates,"Bank of England MPC decision, September 2026",The Monetary Policy Committee announces its Bank Rate decision and publishes the meeting minutes on the same day.,"Bank Rate sets the discount rate behind UK forward power and gas curves and moves sterling, which reprices imported LNG and interconnector flows.",both,,,,yes,"eight scheduled meetings a year, announcement at noon UK time",https://www.bankofengland.co.uk/monetary-policy/upcoming-mpc-dates,,scheduled,2026-07-31,published
2026-09-17,14:30,US,inventory,"EIA weekly natural gas storage, week 38 2026",The Energy Information Administration publishes working gas in underground storage for the lower 48 states.,The weekly storage change is the reference print for Henry Hub and sets the tone for TTF and NBP through the LNG arbitrage.,gas,,,,yes,"weekly, 10:30 eastern on Thursdays, shifted for public holidays",https://ir.eia.gov/ngs/schedule.html,Date generated from the standard weekly cadence stated on the release schedule page. The EIA publishes only its holiday exceptions as dates.,scheduled,2026-07-31,generated
2026-09-18,19:30,US,other,"CFTC Commitments of Traders, 18 September 2026",The Commodity Futures Trading Commission publishes the Commitments of Traders reports covering positions as of the previous Tuesday.,Managed money positioning in gas and crude futures is the cleanest read on how much of a price move is speculative rather than physical.,both,,,,yes,"weekly, 15:30 eastern on Fridays, covering the previous Tuesday",https://www.cftc.gov/MarketReports/CommitmentsofTraders/ReleaseSchedule/index.htm,,scheduled,2026-07-31,published
2026-09-23,14:30,US,inventory,"EIA weekly petroleum status, week 39 2026","The Energy Information Administration publishes US crude oil, gasoline and distillate stocks, runs and product supplied.","Crude and product stocks move the oil complex, which still prices a large share of term LNG and so feeds European gas.",gas,,,,yes,"weekly, 10:30 eastern on Wednesdays, shifted for public holidays",https://www.eia.gov/petroleum/supply/weekly/schedule.php,Date generated from the standard weekly cadence stated on the release schedule page. The EIA publishes only its holiday exceptions as dates.,scheduled,2026-07-31,generated
2026-09-24,14:30,US,inventory,"EIA weekly natural gas storage, week 39 2026",The Energy Information Administration publishes working gas in underground storage for the lower 48 states.,The weekly storage change is the reference print for Henry Hub and sets the tone for TTF and NBP through the LNG arbitrage.,gas,,,,yes,"weekly, 10:30 eastern on Thursdays, shifted for public holidays",https://ir.eia.gov/ngs/schedule.html,Date generated from the standard weekly cadence stated on the release schedule page. The EIA publishes only its holiday exceptions as dates.,scheduled,2026-07-31,generated
2026-09-25,19:30,US,other,"CFTC Commitments of Traders, 25 September 2026",The Commodity Futures Trading Commission publishes the Commitments of Traders reports covering positions as of the previous Tuesday.,Managed money positioning in gas and crude futures is the cleanest read on how much of a price move is speculative rather than physical.,both,,,,yes,"weekly, 15:30 eastern on Fridays, covering the previous Tuesday",https://www.cftc.gov/MarketReports/CommitmentsofTraders/ReleaseSchedule/index.htm,,scheduled,2026-07-31,published
2026-09-30,14:30,US,inventory,"EIA weekly petroleum status, week 40 2026","The Energy Information Administration publishes US crude oil, gasoline and distillate stocks, runs and product supplied.","Crude and product stocks move the oil complex, which still prices a large share of term LNG and so feeds European gas.",gas,,,,yes,"weekly, 10:30 eastern on Wednesdays, shifted for public holidays",https://www.eia.gov/petroleum/supply/weekly/schedule.php,Date generated from the standard weekly cadence stated on the release schedule page. The EIA publishes only its holiday exceptions as dates.,scheduled,2026-07-31,generated
2026-10-01,14:30,US,inventory,"EIA weekly natural gas storage, week 40 2026",The Energy Information Administration publishes working gas in underground storage for the lower 48 states.,The weekly storage change is the reference print for Henry Hub and sets the tone for TTF and NBP through the LNG arbitrage.,gas,,,,yes,"weekly, 10:30 eastern on Thursdays, shifted for public holidays",https://ir.eia.gov/ngs/schedule.html,Date generated from the standard weekly cadence stated on the release schedule page. The EIA publishes only its holiday exceptions as dates.,scheduled,2026-07-31,generated
2026-10-02,19:30,US,other,"CFTC Commitments of Traders, 2 October 2026",The Commodity Futures Trading Commission publishes the Commitments of Traders reports covering positions as of the previous Tuesday.,Managed money positioning in gas and crude futures is the cleanest read on how much of a price move is speculative rather than physical.,both,,,,yes,"weekly, 15:30 eastern on Fridays, covering the previous Tuesday",https://www.cftc.gov/MarketReports/CommitmentsofTraders/ReleaseSchedule/index.htm,,scheduled,2026-07-31,published
2026-10-02,12:30,US,employment,"US employment situation release, October 2026",The Bureau of Labor Statistics publishes non farm payrolls and the unemployment rate for the previous month.,Payrolls is the single largest scheduled mover of the dollar and of the rate path that discounts energy forward curves.,both,,,,yes,"monthly, usually the first Friday of the month",https://www.bls.gov/schedule/news_release/bls.ics,Date and time taken from the BLS published iCalendar and converted from US Eastern to UTC.,scheduled,2026-07-31,published
2026-10-07,14:30,US,inventory,"EIA weekly petroleum status, week 41 2026","The Energy Information Administration publishes US crude oil, gasoline and distillate stocks, runs and product supplied.","Crude and product stocks move the oil complex, which still prices a large share of term LNG and so feeds European gas.",gas,,,,yes,"weekly, 10:30 eastern on Wednesdays, shifted for public holidays",https://www.eia.gov/petroleum/supply/weekly/schedule.php,Date generated from the standard weekly cadence stated on the release schedule page. The EIA publishes only its holiday exceptions as dates.,scheduled,2026-07-31,generated
2026-10-08,14:30,US,inventory,"EIA weekly natural gas storage, week 41 2026",The Energy Information Administration publishes working gas in underground storage for the lower 48 states.,The weekly storage change is the reference print for Henry Hub and sets the tone for TTF and NBP through the LNG arbitrage.,gas,,,,yes,"weekly, 10:30 eastern on Thursdays, shifted for public holidays",https://ir.eia.gov/ngs/schedule.html,Date generated from the standard weekly cadence stated on the release schedule page. The EIA publishes only its holiday exceptions as dates.,scheduled,2026-07-31,generated
2026-10-09,19:30,US,other,"CFTC Commitments of Traders, 9 October 2026",The Commodity Futures Trading Commission publishes the Commitments of Traders reports covering positions as of the previous Tuesday.,Managed money positioning in gas and crude futures is the cleanest read on how much of a price move is speculative rather than physical.,both,,,,yes,"weekly, 15:30 eastern on Fridays, covering the previous Tuesday",https://www.cftc.gov/MarketReports/CommitmentsofTraders/ReleaseSchedule/index.htm,,scheduled,2026-07-31,published
2026-10-14,12:30,US,inflation,"US consumer price index release, October 2026",The Bureau of Labor Statistics publishes the consumer price index for the previous month.,"US inflation drives Federal Reserve expectations and the dollar, which reprices dollar denominated crude and LNG cargoes.",both,,,,yes,"monthly, usually mid month for the previous month",https://www.bls.gov/schedule/news_release/bls.ics,Date and time taken from the BLS published iCalendar and converted from US Eastern to UTC.,scheduled,2026-07-31,published
2026-10-15,14:30,US,inventory,"EIA weekly natural gas storage, week 42 2026",The Energy Information Administration publishes working gas in underground storage for the lower 48 states.,The weekly storage change is the reference print for Henry Hub and sets the tone for TTF and NBP through the LNG arbitrage.,gas,,,,yes,"weekly, 10:30 eastern on Thursdays, shifted for public holidays",https://ir.eia.gov/ngs/schedule.html,Date generated from the standard weekly cadence stated on the release schedule page. The EIA publishes only its holiday exceptions as dates.,scheduled,2026-07-31,generated
2026-10-15,16:00,US,inventory,"EIA weekly petroleum status, week 42 2026","The Energy Information Administration publishes US crude oil, gasoline and distillate stocks, runs and product supplied.","Crude and product stocks move the oil complex, which still prices a large share of term LNG and so feeds European gas.",gas,,,,yes,"weekly, 10:30 eastern on Wednesdays, shifted for public holidays",https://www.eia.gov/petroleum/supply/weekly/schedule.php,"Holiday exception published on the release schedule page. Holiday: Columbus Day. Covers data for the week ending October 9, 2026.",scheduled,2026-07-31,published
2026-10-15,06:00,UK,growth,"ONS monthly GDP estimate, August 2026","The Office for National Statistics publishes its monthly estimate of gross domestic product, with output by industry. This release covers August 2026.",Industrial output within the release is the closest published proxy for UK non domestic gas and power demand.,both,,,,yes,"monthly, about six weeks after the reference month",https://www.ons.gov.uk/releases/gdpmonthlyestimateukaugust2026,Release time published as UK civil time and converted to UTC.,scheduled,2026-07-31,published
2026-10-16,19:30,US,other,"CFTC Commitments of Traders, 16 October 2026",The Commodity Futures Trading Commission publishes the Commitments of Traders reports covering positions as of the previous Tuesday.,Managed money positioning in gas and crude futures is the cleanest read on how much of a price move is speculative rather than physical.,both,,,,yes,"weekly, 15:30 eastern on Fridays, covering the previous Tuesday",https://www.cftc.gov/MarketReports/CommitmentsofTraders/ReleaseSchedule/index.htm,,scheduled,2026-07-31,published
2026-10-20,06:00,UK,employment,"ONS labour market statistics, October 2026","The Office for National Statistics publishes the labour market overview covering employment, unemployment and earnings growth. This release covers October 2026.",Earnings growth is the main domestic input to the Bank Rate path and so to the discount rate behind UK forward power and gas.,both,,,,yes,"monthly, usually the Tuesday before the CPI release",https://www.ons.gov.uk/releases/uklabourmarketoctober2026,Release time published as UK civil time and converted to UTC. The ONS renamed this release from the labour market overview to UK Labour Market. The match follows the current name.,scheduled,2026-07-31,published
2026-10-21,14:30,US,inventory,"EIA weekly petroleum status, week 43 2026","The Energy Information Administration publishes US crude oil, gasoline and distillate stocks, runs and product supplied.","Crude and product stocks move the oil complex, which still prices a large share of term LNG and so feeds European gas.",gas,,,,yes,"weekly, 10:30 eastern on Wednesdays, shifted for public holidays",https://www.eia.gov/petroleum/supply/weekly/schedule.php,Date generated from the standard weekly cadence stated on the release schedule page. The EIA publishes only its holiday exceptions as dates.,scheduled,2026-07-31,generated
2026-10-21,06:00,UK,inflation,"ONS consumer price inflation, September 2026","The Office for National Statistics publishes the consumer price inflation bulletin covering CPIH, CPI and RPI. This release covers September 2026.","The electricity, gas and other fuels component is the published read on how wholesale energy costs reach UK households, and it shapes the Bank Rate path.",both,,,,yes,"monthly, roughly the third week of the following month",https://www.ons.gov.uk/releases/consumerpriceinflationukseptember2026,Release time published as UK civil time and converted to UTC.,scheduled,2026-07-31,published
2026-10-22,14:30,US,inventory,"EIA weekly natural gas storage, week 43 2026",The Energy Information Administration publishes working gas in underground storage for the lower 48 states.,The weekly storage change is the reference print for Henry Hub and sets the tone for TTF and NBP through the LNG arbitrage.,gas,,,,yes,"weekly, 10:30 eastern on Thursdays, shifted for public holidays",https://ir.eia.gov/ngs/schedule.html,Date generated from the standard weekly cadence stated on the release schedule page. The EIA publishes only its holiday exceptions as dates.,scheduled,2026-07-31,generated
2026-10-23,19:30,US,other,"CFTC Commitments of Traders, 23 October 2026",The Commodity Futures Trading Commission publishes the Commitments of Traders reports covering positions as of the previous Tuesday.,Managed money positioning in gas and crude futures is the cleanest read on how much of a price move is speculative rather than physical.,both,,,,yes,"weekly, 15:30 eastern on Fridays, covering the previous Tuesday",https://www.cftc.gov/MarketReports/CommitmentsofTraders/ReleaseSchedule/index.htm,,scheduled,2026-07-31,published
2026-10-25,,UK,other,"UK clocks go back, October 2026",British Summer Time ends and the clocks go back one hour at 01:00 UTC.,"The long day carries 25 settlement periods and the evening peak moves an hour earlier against demand, which lifts peak power.",both,,,,yes,"twice a year, the last Sunday in March and in October",https://www.gov.uk/when-do-the-clocks-change,,scheduled,2026-07-31,published
2026-10-28,14:30,US,inventory,"EIA weekly petroleum status, week 44 2026","The Energy Information Administration publishes US crude oil, gasoline and distillate stocks, runs and product supplied.","Crude and product stocks move the oil complex, which still prices a large share of term LNG and so feeds European gas.",gas,,,,yes,"weekly, 10:30 eastern on Wednesdays, shifted for public holidays",https://www.eia.gov/petroleum/supply/weekly/schedule.php,Date generated from the standard weekly cadence stated on the release schedule page. The EIA publishes only its holiday exceptions as dates.,scheduled,2026-07-31,generated
2026-10-28,,US,rates,"FOMC monetary policy decision, October 2026",The Federal Open Market Committee closes a scheduled two day meeting and publishes its policy statement.,"US policy rates move the dollar and the market's read on global demand, which feeds through dollar priced crude and LNG into European gas.",both,,,,yes,"eight scheduled meetings a year, statement on the second day",https://www.federalreserve.gov/monetarypolicy/fomccalendars.htm,,scheduled,2026-07-31,published
2026-10-29,,EU,rates,"ECB monetary policy decision, October 2026","The Governing Council closes its monetary policy meeting and announces its rate decision, followed by a press conference.",Euro area policy rates set the discount rate behind TTF and continental power curves and move the euro against dollar priced LNG.,both,,,,yes,"eight monetary policy meetings a year, decision on the second day",https://www.ecb.europa.eu/press/calendars/mgcgc/html/index.en.html,,scheduled,2026-07-31,published
2026-10-29,14:30,US,inventory,"EIA weekly natural gas storage, week 44 2026",The Energy Information Administration publishes working gas in underground storage for the lower 48 states.,The weekly storage change is the reference print for Henry Hub and sets the tone for TTF and NBP through the LNG arbitrage.,gas,,,,yes,"weekly, 10:30 eastern on Thursdays, shifted for public holidays",https://ir.eia.gov/ngs/schedule.html,Date generated from the standard weekly cadence stated on the release schedule page. The EIA publishes only its holiday exceptions as dates.,scheduled,2026-07-31,generated
2026-10-30,19:30,US,other,"CFTC Commitments of Traders, 30 October 2026",The Commodity Futures Trading Commission publishes the Commitments of Traders reports covering positions as of the previous Tuesday.,Managed money positioning in gas and crude futures is the cleanest read on how much of a price move is speculative rather than physical.,both,,,,yes,"weekly, 15:30 eastern on Fridays, covering the previous Tuesday",https://www.cftc.gov/MarketReports/CommitmentsofTraders/ReleaseSchedule/index.htm,,scheduled,2026-07-31,published
2026-11-04,15:30,US,inventory,"EIA weekly petroleum status, week 45 2026","The Energy Information Administration publishes US crude oil, gasoline and distillate stocks, runs and product supplied.","Crude and product stocks move the oil complex, which still prices a large share of term LNG and so feeds European gas.",gas,,,,yes,"weekly, 10:30 eastern on Wednesdays, shifted for public holidays",https://www.eia.gov/petroleum/supply/weekly/schedule.php,Date generated from the standard weekly cadence stated on the release schedule page. The EIA publishes only its holiday exceptions as dates.,scheduled,2026-07-31,generated
2026-11-05,,UK,rates,"Bank of England MPC decision, November 2026",The Monetary Policy Committee announces its Bank Rate decision and publishes the meeting minutes on the same day.,"Bank Rate sets the discount rate behind UK forward power and gas curves and moves sterling, which reprices imported LNG and interconnector flows.",both,,,,yes,"eight scheduled meetings a year, announcement at noon UK time",https://www.bankofengland.co.uk/monetary-policy/upcoming-mpc-dates,,scheduled,2026-07-31,published
2026-11-05,,UK,rates,"Bank of England Monetary Policy Report, November 2026",The Bank publishes its quarterly Monetary Policy Report alongside the Bank Rate decision.,"The report carries the Bank's demand and inflation path, which shapes expectations for UK industrial gas and power consumption.",both,,,,yes,"quarterly, published alongside four of the eight rate decisions",https://www.bankofengland.co.uk/monetary-policy/upcoming-mpc-dates,,scheduled,2026-07-31,published
2026-11-05,15:30,US,inventory,"EIA weekly natural gas storage, week 45 2026",The Energy Information Administration publishes working gas in underground storage for the lower 48 states.,The weekly storage change is the reference print for Henry Hub and sets the tone for TTF and NBP through the LNG arbitrage.,gas,,,,yes,"weekly, 10:30 eastern on Thursdays, shifted for public holidays",https://ir.eia.gov/ngs/schedule.html,Date generated from the standard weekly cadence stated on the release schedule page. The EIA publishes only its holiday exceptions as dates.,scheduled,2026-07-31,generated
2026-11-06,20:30,US,other,"CFTC Commitments of Traders, 6 November 2026",The Commodity Futures Trading Commission publishes the Commitments of Traders reports covering positions as of the previous Tuesday.,Managed money positioning in gas and crude futures is the cleanest read on how much of a price move is speculative rather than physical.,both,,,,yes,"weekly, 15:30 eastern on Fridays, covering the previous Tuesday",https://www.cftc.gov/MarketReports/CommitmentsofTraders/ReleaseSchedule/index.htm,,scheduled,2026-07-31,published
2026-11-06,13:30,US,employment,"US employment situation release, November 2026",The Bureau of Labor Statistics publishes non farm payrolls and the unemployment rate for the previous month.,Payrolls is the single largest scheduled mover of the dollar and of the rate path that discounts energy forward curves.,both,,,,yes,"monthly, usually the first Friday of the month",https://www.bls.gov/schedule/news_release/bls.ics,Date and time taken from the BLS published iCalendar and converted from US Eastern to UTC.,scheduled,2026-07-31,published
2026-11-10,13:30,US,inflation,"US consumer price index release, November 2026",The Bureau of Labor Statistics publishes the consumer price index for the previous month.,"US inflation drives Federal Reserve expectations and the dollar, which reprices dollar denominated crude and LNG cargoes.",both,,,,yes,"monthly, usually mid month for the previous month",https://www.bls.gov/schedule/news_release/bls.ics,Date and time taken from the BLS published iCalendar and converted from US Eastern to UTC.,scheduled,2026-07-31,published
2026-11-12,17:00,US,inventory,"EIA weekly petroleum status, week 46 2026","The Energy Information Administration publishes US crude oil, gasoline and distillate stocks, runs and product supplied.","Crude and product stocks move the oil complex, which still prices a large share of term LNG and so feeds European gas.",gas,,,,yes,"weekly, 10:30 eastern on Wednesdays, shifted for public holidays",https://www.eia.gov/petroleum/supply/weekly/schedule.php,"Holiday exception published on the release schedule page. Holiday: Veterans Day. Covers data for the week ending November 6, 2026.",scheduled,2026-07-31,published
2026-11-12,07:00,UK,growth,"ONS first quarterly GDP estimate, July to September 2026",The Office for National Statistics publishes its first quarterly estimate of gross domestic product. This release covers July to September 2026.,The quarterly path of output frames the demand side of UK gas and power balances for the year ahead.,both,,,,yes,"quarterly, about six weeks after the quarter end",https://www.ons.gov.uk/releases/gdpfirstquarterlyestimateukjulytoseptember2026,Release time published as UK civil time and converted to UTC.,scheduled,2026-07-31,published
2026-11-12,07:00,UK,growth,"ONS monthly GDP estimate, September 2026","The Office for National Statistics publishes its monthly estimate of gross domestic product, with output by industry. This release covers September 2026.",Industrial output within the release is the closest published proxy for UK non domestic gas and power demand.,both,,,,yes,"monthly, about six weeks after the reference month",https://www.ons.gov.uk/releases/gdpmonthlyestimateukseptember2026,Release time published as UK civil time and converted to UTC.,scheduled,2026-07-31,published
2026-11-13,15:30,US,inventory,"EIA weekly natural gas storage, week 46 2026",The Energy Information Administration publishes working gas in underground storage for the lower 48 states.,The weekly storage change is the reference print for Henry Hub and sets the tone for TTF and NBP through the LNG arbitrage.,gas,,,,yes,"weekly, 10:30 eastern on Thursdays, shifted for public holidays",https://ir.eia.gov/ngs/schedule.html,Holiday exception published on the release schedule page. Holiday: Veterans Day.,scheduled,2026-07-31,published
2026-11-16,20:30,US,other,"CFTC Commitments of Traders, 16 November 2026",The Commodity Futures Trading Commission publishes the Commitments of Traders reports covering positions as of the previous Tuesday.,Managed money positioning in gas and crude futures is the cleanest read on how much of a price move is speculative rather than physical.,both,,,,yes,"weekly, 15:30 eastern on Fridays, covering the previous Tuesday",https://www.cftc.gov/MarketReports/CommitmentsofTraders/ReleaseSchedule/index.htm,Marked on the schedule as affected by a federal holiday.,scheduled,2026-07-31,published
2026-11-17,07:00,UK,employment,"ONS labour market statistics, November 2026","The Office for National Statistics publishes the labour market overview covering employment, unemployment and earnings growth. This release covers November 2026.",Earnings growth is the main domestic input to the Bank Rate path and so to the discount rate behind UK forward power and gas.,both,,,,yes,"monthly, usually the Tuesday before the CPI release",https://www.ons.gov.uk/releases/uklabourmarketnovember2026,Release time published as UK civil time and converted to UTC. The ONS renamed this release from the labour market overview to UK Labour Market. The match follows the current name.,scheduled,2026-07-31,published
2026-11-18,15:30,US,inventory,"EIA weekly petroleum status, week 47 2026","The Energy Information Administration publishes US crude oil, gasoline and distillate stocks, runs and product supplied.","Crude and product stocks move the oil complex, which still prices a large share of term LNG and so feeds European gas.",gas,,,,yes,"weekly, 10:30 eastern on Wednesdays, shifted for public holidays",https://www.eia.gov/petroleum/supply/weekly/schedule.php,Date generated from the standard weekly cadence stated on the release schedule page. The EIA publishes only its holiday exceptions as dates.,scheduled,2026-07-31,generated
2026-11-18,07:00,UK,inflation,"ONS consumer price inflation, October 2026","The Office for National Statistics publishes the consumer price inflation bulletin covering CPIH, CPI and RPI. This release covers October 2026.","The electricity, gas and other fuels component is the published read on how wholesale energy costs reach UK households, and it shapes the Bank Rate path.",both,,,,yes,"monthly, roughly the third week of the following month",https://www.ons.gov.uk/releases/consumerpriceinflationukoctober2026,Release time published as UK civil time and converted to UTC.,scheduled,2026-07-31,published
2026-11-19,15:30,US,inventory,"EIA weekly natural gas storage, week 47 2026",The Energy Information Administration publishes working gas in underground storage for the lower 48 states.,The weekly storage change is the reference print for Henry Hub and sets the tone for TTF and NBP through the LNG arbitrage.,gas,,,,yes,"weekly, 10:30 eastern on Thursdays, shifted for public holidays",https://ir.eia.gov/ngs/schedule.html,Date generated from the standard weekly cadence stated on the release schedule page. The EIA publishes only its holiday exceptions as dates.,scheduled,2026-07-31,generated
2026-11-20,20:30,US,other,"CFTC Commitments of Traders, 20 November 2026",The Commodity Futures Trading Commission publishes the Commitments of Traders reports covering positions as of the previous Tuesday.,Managed money positioning in gas and crude futures is the cleanest read on how much of a price move is speculative rather than physical.,both,,,,yes,"weekly, 15:30 eastern on Fridays, covering the previous Tuesday",https://www.cftc.gov/MarketReports/CommitmentsofTraders/ReleaseSchedule/index.htm,,scheduled,2026-07-31,published
2026-11-25,17:00,US,inventory,"EIA weekly natural gas storage, week 48 2026",The Energy Information Administration publishes working gas in underground storage for the lower 48 states.,The weekly storage change is the reference print for Henry Hub and sets the tone for TTF and NBP through the LNG arbitrage.,gas,,,,yes,"weekly, 10:30 eastern on Thursdays, shifted for public holidays",https://ir.eia.gov/ngs/schedule.html,Holiday exception published on the release schedule page. Holiday: Thanksgiving Day.,scheduled,2026-07-31,published
2026-11-25,15:30,US,inventory,"EIA weekly petroleum status, week 48 2026","The Energy Information Administration publishes US crude oil, gasoline and distillate stocks, runs and product supplied.","Crude and product stocks move the oil complex, which still prices a large share of term LNG and so feeds European gas.",gas,,,,yes,"weekly, 10:30 eastern on Wednesdays, shifted for public holidays",https://www.eia.gov/petroleum/supply/weekly/schedule.php,Date generated from the standard weekly cadence stated on the release schedule page. The EIA publishes only its holiday exceptions as dates.,scheduled,2026-07-31,generated
2026-11-30,20:30,US,other,"CFTC Commitments of Traders, 30 November 2026",The Commodity Futures Trading Commission publishes the Commitments of Traders reports covering positions as of the previous Tuesday.,Managed money positioning in gas and crude futures is the cleanest read on how much of a price move is speculative rather than physical.,both,,,,yes,"weekly, 15:30 eastern on Fridays, covering the previous Tuesday",https://www.cftc.gov/MarketReports/CommitmentsofTraders/ReleaseSchedule/index.htm,Marked on the schedule as affected by a federal holiday.,scheduled,2026-07-31,published
2026-12-02,15:30,US,inventory,"EIA weekly petroleum status, week 49 2026","The Energy Information Administration publishes US crude oil, gasoline and distillate stocks, runs and product supplied.","Crude and product stocks move the oil complex, which still prices a large share of term LNG and so feeds European gas.",gas,,,,yes,"weekly, 10:30 eastern on Wednesdays, shifted for public holidays",https://www.eia.gov/petroleum/supply/weekly/schedule.php,Date generated from the standard weekly cadence stated on the release schedule page. The EIA publishes only its holiday exceptions as dates.,scheduled,2026-07-31,generated
2026-12-03,15:30,US,inventory,"EIA weekly natural gas storage, week 49 2026",The Energy Information Administration publishes working gas in underground storage for the lower 48 states.,The weekly storage change is the reference print for Henry Hub and sets the tone for TTF and NBP through the LNG arbitrage.,gas,,,,yes,"weekly, 10:30 eastern on Thursdays, shifted for public holidays",https://ir.eia.gov/ngs/schedule.html,Date generated from the standard weekly cadence stated on the release schedule page. The EIA publishes only its holiday exceptions as dates.,scheduled,2026-07-31,generated
2026-12-04,20:30,US,other,"CFTC Commitments of Traders, 4 December 2026",The Commodity Futures Trading Commission publishes the Commitments of Traders reports covering positions as of the previous Tuesday.,Managed money positioning in gas and crude futures is the cleanest read on how much of a price move is speculative rather than physical.,both,,,,yes,"weekly, 15:30 eastern on Fridays, covering the previous Tuesday",https://www.cftc.gov/MarketReports/CommitmentsofTraders/ReleaseSchedule/index.htm,,scheduled,2026-07-31,published
2026-12-04,13:30,US,employment,"US employment situation release, December 2026",The Bureau of Labor Statistics publishes non farm payrolls and the unemployment rate for the previous month.,Payrolls is the single largest scheduled mover of the dollar and of the rate path that discounts energy forward curves.,both,,,,yes,"monthly, usually the first Friday of the month",https://www.bls.gov/schedule/news_release/bls.ics,Date and time taken from the BLS published iCalendar and converted from US Eastern to UTC.,scheduled,2026-07-31,published
2026-12-09,15:30,US,inventory,"EIA weekly petroleum status, week 50 2026","The Energy Information Administration publishes US crude oil, gasoline and distillate stocks, runs and product supplied.","Crude and product stocks move the oil complex, which still prices a large share of term LNG and so feeds European gas.",gas,,,,yes,"weekly, 10:30 eastern on Wednesdays, shifted for public holidays",https://www.eia.gov/petroleum/supply/weekly/schedule.php,Date generated from the standard weekly cadence stated on the release schedule page. The EIA publishes only its holiday exceptions as dates.,scheduled,2026-07-31,generated
2026-12-09,,US,rates,"FOMC monetary policy decision, December 2026",The Federal Open Market Committee closes a scheduled two day meeting and publishes its policy statement.,"US policy rates move the dollar and the market's read on global demand, which feeds through dollar priced crude and LNG into European gas.",both,,,,yes,"eight scheduled meetings a year, statement on the second day",https://www.federalreserve.gov/monetarypolicy/fomccalendars.htm,Meeting associated with a Summary of Economic Projections.,scheduled,2026-07-31,published
2026-12-10,15:30,US,inventory,"EIA weekly natural gas storage, week 50 2026",The Energy Information Administration publishes working gas in underground storage for the lower 48 states.,The weekly storage change is the reference print for Henry Hub and sets the tone for TTF and NBP through the LNG arbitrage.,gas,,,,yes,"weekly, 10:30 eastern on Thursdays, shifted for public holidays",https://ir.eia.gov/ngs/schedule.html,Date generated from the standard weekly cadence stated on the release schedule page. The EIA publishes only its holiday exceptions as dates.,scheduled,2026-07-31,generated
2026-12-10,13:30,US,inflation,"US consumer price index release, December 2026",The Bureau of Labor Statistics publishes the consumer price index for the previous month.,"US inflation drives Federal Reserve expectations and the dollar, which reprices dollar denominated crude and LNG cargoes.",both,,,,yes,"monthly, usually mid month for the previous month",https://www.bls.gov/schedule/news_release/bls.ics,Date and time taken from the BLS published iCalendar and converted from US Eastern to UTC.,scheduled,2026-07-31,published
2026-12-11,20:30,US,other,"CFTC Commitments of Traders, 11 December 2026",The Commodity Futures Trading Commission publishes the Commitments of Traders reports covering positions as of the previous Tuesday.,Managed money positioning in gas and crude futures is the cleanest read on how much of a price move is speculative rather than physical.,both,,,,yes,"weekly, 15:30 eastern on Fridays, covering the previous Tuesday",https://www.cftc.gov/MarketReports/CommitmentsofTraders/ReleaseSchedule/index.htm,,scheduled,2026-07-31,published
2026-12-16,15:30,US,inventory,"EIA weekly petroleum status, week 51 2026","The Energy Information Administration publishes US crude oil, gasoline and distillate stocks, runs and product supplied.","Crude and product stocks move the oil complex, which still prices a large share of term LNG and so feeds European gas.",gas,,,,yes,"weekly, 10:30 eastern on Wednesdays, shifted for public holidays",https://www.eia.gov/petroleum/supply/weekly/schedule.php,Date generated from the standard weekly cadence stated on the release schedule page. The EIA publishes only its holiday exceptions as dates.,scheduled,2026-07-31,generated
2026-12-17,,UK,rates,"Bank of England MPC decision, December 2026",The Monetary Policy Committee announces its Bank Rate decision and publishes the meeting minutes on the same day.,"Bank Rate sets the discount rate behind UK forward power and gas curves and moves sterling, which reprices imported LNG and interconnector flows.",both,,,,yes,"eight scheduled meetings a year, announcement at noon UK time",https://www.bankofengland.co.uk/monetary-policy/upcoming-mpc-dates,,scheduled,2026-07-31,published
2026-12-17,,EU,rates,"ECB monetary policy decision, December 2026","The Governing Council closes its monetary policy meeting and announces its rate decision, followed by a press conference.",Euro area policy rates set the discount rate behind TTF and continental power curves and move the euro against dollar priced LNG.,both,,,,yes,"eight monetary policy meetings a year, decision on the second day",https://www.ecb.europa.eu/press/calendars/mgcgc/html/index.en.html,,scheduled,2026-07-31,published
2026-12-17,15:30,US,inventory,"EIA weekly natural gas storage, week 51 2026",The Energy Information Administration publishes working gas in underground storage for the lower 48 states.,The weekly storage change is the reference print for Henry Hub and sets the tone for TTF and NBP through the LNG arbitrage.,gas,,,,yes,"weekly, 10:30 eastern on Thursdays, shifted for public holidays",https://ir.eia.gov/ngs/schedule.html,Date generated from the standard weekly cadence stated on the release schedule page. The EIA publishes only its holiday exceptions as dates.,scheduled,2026-07-31,generated
2026-12-18,20:30,US,other,"CFTC Commitments of Traders, 18 December 2026",The Commodity Futures Trading Commission publishes the Commitments of Traders reports covering positions as of the previous Tuesday.,Managed money positioning in gas and crude futures is the cleanest read on how much of a price move is speculative rather than physical.,both,,,,yes,"weekly, 15:30 eastern on Fridays, covering the previous Tuesday",https://www.cftc.gov/MarketReports/CommitmentsofTraders/ReleaseSchedule/index.htm,,scheduled,2026-07-31,published
2026-12-23,15:30,US,inventory,"EIA weekly petroleum status, week 52 2026","The Energy Information Administration publishes US crude oil, gasoline and distillate stocks, runs and product supplied.","Crude and product stocks move the oil complex, which still prices a large share of term LNG and so feeds European gas.",gas,,,,yes,"weekly, 10:30 eastern on Wednesdays, shifted for public holidays",https://www.eia.gov/petroleum/supply/weekly/schedule.php,Date generated from the standard weekly cadence stated on the release schedule page. The EIA publishes only its holiday exceptions as dates.,scheduled,2026-07-31,generated
2026-12-24,15:30,US,inventory,"EIA weekly natural gas storage, week 52 2026",The Energy Information Administration publishes working gas in underground storage for the lower 48 states.,The weekly storage change is the reference print for Henry Hub and sets the tone for TTF and NBP through the LNG arbitrage.,gas,,,,yes,"weekly, 10:30 eastern on Thursdays, shifted for public holidays",https://ir.eia.gov/ngs/schedule.html,Date generated from the standard weekly cadence stated on the release schedule page. The EIA publishes only its holiday exceptions as dates.,scheduled,2026-07-31,generated
2026-12-28,20:30,US,other,"CFTC Commitments of Traders, 28 December 2026",The Commodity Futures Trading Commission publishes the Commitments of Traders reports covering positions as of the previous Tuesday.,Managed money positioning in gas and crude futures is the cleanest read on how much of a price move is speculative rather than physical.,both,,,,yes,"weekly, 15:30 eastern on Fridays, covering the previous Tuesday",https://www.cftc.gov/MarketReports/CommitmentsofTraders/ReleaseSchedule/index.htm,Marked on the schedule as affected by a federal holiday.,scheduled,2026-07-31,published
2026-12-30,15:30,US,inventory,"EIA weekly petroleum status, week 53 2026","The Energy Information Administration publishes US crude oil, gasoline and distillate stocks, runs and product supplied.","Crude and product stocks move the oil complex, which still prices a large share of term LNG and so feeds European gas.",gas,,,,yes,"weekly, 10:30 eastern on Wednesdays, shifted for public holidays",https://www.eia.gov/petroleum/supply/weekly/schedule.php,Date generated from the standard weekly cadence stated on the release schedule page. The EIA publishes only its holiday exceptions as dates.,scheduled,2026-07-31,generated
2026-12-31,15:30,US,inventory,"EIA weekly natural gas storage, week 53 2026",The Energy Information Administration publishes working gas in underground storage for the lower 48 states.,The weekly storage change is the reference print for Henry Hub and sets the tone for TTF and NBP through the LNG arbitrage.,gas,,,,yes,"weekly, 10:30 eastern on Thursdays, shifted for public holidays",https://ir.eia.gov/ngs/schedule.html,Date generated from the standard weekly cadence stated on the release schedule page. The EIA publishes only its holiday exceptions as dates.,scheduled,2026-07-31,generated
2027-01-06,15:30,US,inventory,"EIA weekly petroleum status, week 1 2027","The Energy Information Administration publishes US crude oil, gasoline and distillate stocks, runs and product supplied.","Crude and product stocks move the oil complex, which still prices a large share of term LNG and so feeds European gas.",gas,,,,yes,"weekly, 10:30 eastern on Wednesdays, shifted for public holidays",https://www.eia.gov/petroleum/supply/weekly/schedule.php,Date generated from the standard weekly cadence stated on the release schedule page. The EIA publishes only its holiday exceptions as dates.,scheduled,2026-07-31,generated
2027-01-07,15:30,US,inventory,"EIA weekly natural gas storage, week 1 2027",The Energy Information Administration publishes working gas in underground storage for the lower 48 states.,The weekly storage change is the reference print for Henry Hub and sets the tone for TTF and NBP through the LNG arbitrage.,gas,,,,yes,"weekly, 10:30 eastern on Thursdays, shifted for public holidays",https://ir.eia.gov/ngs/schedule.html,Date generated from the standard weekly cadence stated on the release schedule page. The EIA publishes only its holiday exceptions as dates.,scheduled,2026-07-31,generated
2027-01-13,15:30,US,inventory,"EIA weekly petroleum status, week 2 2027","The Energy Information Administration publishes US crude oil, gasoline and distillate stocks, runs and product supplied.","Crude and product stocks move the oil complex, which still prices a large share of term LNG and so feeds European gas.",gas,,,,yes,"weekly, 10:30 eastern on Wednesdays, shifted for public holidays",https://www.eia.gov/petroleum/supply/weekly/schedule.php,Date generated from the standard weekly cadence stated on the release schedule page. The EIA publishes only its holiday exceptions as dates.,scheduled,2026-07-31,generated
2027-01-14,15:30,US,inventory,"EIA weekly natural gas storage, week 2 2027",The Energy Information Administration publishes working gas in underground storage for the lower 48 states.,The weekly storage change is the reference print for Henry Hub and sets the tone for TTF and NBP through the LNG arbitrage.,gas,,,,yes,"weekly, 10:30 eastern on Thursdays, shifted for public holidays",https://ir.eia.gov/ngs/schedule.html,Date generated from the standard weekly cadence stated on the release schedule page. The EIA publishes only its holiday exceptions as dates.,scheduled,2026-07-31,generated
2027-01-20,15:30,US,inventory,"EIA weekly petroleum status, week 3 2027","The Energy Information Administration publishes US crude oil, gasoline and distillate stocks, runs and product supplied.","Crude and product stocks move the oil complex, which still prices a large share of term LNG and so feeds European gas.",gas,,,,yes,"weekly, 10:30 eastern on Wednesdays, shifted for public holidays",https://www.eia.gov/petroleum/supply/weekly/schedule.php,Date generated from the standard weekly cadence stated on the release schedule page. The EIA publishes only its holiday exceptions as dates.,scheduled,2026-07-31,generated
2027-01-21,15:30,US,inventory,"EIA weekly natural gas storage, week 3 2027",The Energy Information Administration publishes working gas in underground storage for the lower 48 states.,The weekly storage change is the reference print for Henry Hub and sets the tone for TTF and NBP through the LNG arbitrage.,gas,,,,yes,"weekly, 10:30 eastern on Thursdays, shifted for public holidays",https://ir.eia.gov/ngs/schedule.html,Date generated from the standard weekly cadence stated on the release schedule page. The EIA publishes only its holiday exceptions as dates.,scheduled,2026-07-31,generated
2027-01-27,15:30,US,inventory,"EIA weekly petroleum status, week 4 2027","The Energy Information Administration publishes US crude oil, gasoline and distillate stocks, runs and product supplied.","Crude and product stocks move the oil complex, which still prices a large share of term LNG and so feeds European gas.",gas,,,,yes,"weekly, 10:30 eastern on Wednesdays, shifted for public holidays",https://www.eia.gov/petroleum/supply/weekly/schedule.php,Date generated from the standard weekly cadence stated on the release schedule page. The EIA publishes only its holiday exceptions as dates.,scheduled,2026-07-31,generated
2027-01-27,,US,rates,"FOMC monetary policy decision, January 2027",The Federal Open Market Committee closes a scheduled two day meeting and publishes its policy statement.,"US policy rates move the dollar and the market's read on global demand, which feeds through dollar priced crude and LNG into European gas.",both,,,,yes,"eight scheduled meetings a year, statement on the second day",https://www.federalreserve.gov/monetarypolicy/fomccalendars.htm,,scheduled,2026-07-31,published
2027-01-28,15:30,US,inventory,"EIA weekly natural gas storage, week 4 2027",The Energy Information Administration publishes working gas in underground storage for the lower 48 states.,The weekly storage change is the reference print for Henry Hub and sets the tone for TTF and NBP through the LNG arbitrage.,gas,,,,yes,"weekly, 10:30 eastern on Thursdays, shifted for public holidays",https://ir.eia.gov/ngs/schedule.html,Date generated from the standard weekly cadence stated on the release schedule page. The EIA publishes only its holiday exceptions as dates.,scheduled,2026-07-31,generated
2027-02-03,15:30,US,inventory,"EIA weekly petroleum status, week 5 2027","The Energy Information Administration publishes US crude oil, gasoline and distillate stocks, runs and product supplied.","Crude and product stocks move the oil complex, which still prices a large share of term LNG and so feeds European gas.",gas,,,,yes,"weekly, 10:30 eastern on Wednesdays, shifted for public holidays",https://www.eia.gov/petroleum/supply/weekly/schedule.php,Date generated from the standard weekly cadence stated on the release schedule page. The EIA publishes only its holiday exceptions as dates.,scheduled,2026-07-31,generated
2027-02-04,,UK,rates,"Bank of England MPC decision, February 2027",The Monetary Policy Committee announces its Bank Rate decision and publishes the meeting minutes on the same day.,"Bank Rate sets the discount rate behind UK forward power and gas curves and moves sterling, which reprices imported LNG and interconnector flows.",both,,,,yes,"eight scheduled meetings a year, announcement at noon UK time",https://www.bankofengland.co.uk/monetary-policy/upcoming-mpc-dates,Provisional date as published by the Bank.,scheduled,2026-07-31,published
2027-02-04,,UK,rates,"Bank of England Monetary Policy Report, February 2027",The Bank publishes its quarterly Monetary Policy Report alongside the Bank Rate decision.,"The report carries the Bank's demand and inflation path, which shapes expectations for UK industrial gas and power consumption.",both,,,,yes,"quarterly, published alongside four of the eight rate decisions",https://www.bankofengland.co.uk/monetary-policy/upcoming-mpc-dates,Provisional date as published by the Bank.,scheduled,2026-07-31,published
2027-02-04,,EU,rates,"ECB monetary policy decision, February 2027","The Governing Council closes its monetary policy meeting and announces its rate decision, followed by a press conference.",Euro area policy rates set the discount rate behind TTF and continental power curves and move the euro against dollar priced LNG.,both,,,,yes,"eight monetary policy meetings a year, decision on the second day",https://www.ecb.europa.eu/press/calendars/mgcgc/html/index.en.html,,scheduled,2026-07-31,published
2027-02-04,15:30,US,inventory,"EIA weekly natural gas storage, week 5 2027",The Energy Information Administration publishes working gas in underground storage for the lower 48 states.,The weekly storage change is the reference print for Henry Hub and sets the tone for TTF and NBP through the LNG arbitrage.,gas,,,,yes,"weekly, 10:30 eastern on Thursdays, shifted for public holidays",https://ir.eia.gov/ngs/schedule.html,Date generated from the standard weekly cadence stated on the release schedule page. The EIA publishes only its holiday exceptions as dates.,scheduled,2026-07-31,generated
2027-02-10,15:30,US,inventory,"EIA weekly petroleum status, week 6 2027","The Energy Information Administration publishes US crude oil, gasoline and distillate stocks, runs and product supplied.","Crude and product stocks move the oil complex, which still prices a large share of term LNG and so feeds European gas.",gas,,,,yes,"weekly, 10:30 eastern on Wednesdays, shifted for public holidays",https://www.eia.gov/petroleum/supply/weekly/schedule.php,Date generated from the standard weekly cadence stated on the release schedule page. The EIA publishes only its holiday exceptions as dates.,scheduled,2026-07-31,generated
2027-02-11,15:30,US,inventory,"EIA weekly natural gas storage, week 6 2027",The Energy Information Administration publishes working gas in underground storage for the lower 48 states.,The weekly storage change is the reference print for Henry Hub and sets the tone for TTF and NBP through the LNG arbitrage.,gas,,,,yes,"weekly, 10:30 eastern on Thursdays, shifted for public holidays",https://ir.eia.gov/ngs/schedule.html,Date generated from the standard weekly cadence stated on the release schedule page. The EIA publishes only its holiday exceptions as dates.,scheduled,2026-07-31,generated
2027-02-17,15:30,US,inventory,"EIA weekly petroleum status, week 7 2027","The Energy Information Administration publishes US crude oil, gasoline and distillate stocks, runs and product supplied.","Crude and product stocks move the oil complex, which still prices a large share of term LNG and so feeds European gas.",gas,,,,yes,"weekly, 10:30 eastern on Wednesdays, shifted for public holidays",https://www.eia.gov/petroleum/supply/weekly/schedule.php,Date generated from the standard weekly cadence stated on the release schedule page. The EIA publishes only its holiday exceptions as dates.,scheduled,2026-07-31,generated
2027-02-18,15:30,US,inventory,"EIA weekly natural gas storage, week 7 2027",The Energy Information Administration publishes working gas in underground storage for the lower 48 states.,The weekly storage change is the reference print for Henry Hub and sets the tone for TTF and NBP through the LNG arbitrage.,gas,,,,yes,"weekly, 10:30 eastern on Thursdays, shifted for public holidays",https://ir.eia.gov/ngs/schedule.html,Date generated from the standard weekly cadence stated on the release schedule page. The EIA publishes only its holiday exceptions as dates.,scheduled,2026-07-31,generated
2027-02-24,15:30,US,inventory,"EIA weekly petroleum status, week 8 2027","The Energy Information Administration publishes US crude oil, gasoline and distillate stocks, runs and product supplied.","Crude and product stocks move the oil complex, which still prices a large share of term LNG and so feeds European gas.",gas,,,,yes,"weekly, 10:30 eastern on Wednesdays, shifted for public holidays",https://www.eia.gov/petroleum/supply/weekly/schedule.php,Date generated from the standard weekly cadence stated on the release schedule page. The EIA publishes only its holiday exceptions as dates.,scheduled,2026-07-31,generated
2027-02-25,15:30,US,inventory,"EIA weekly natural gas storage, week 8 2027",The Energy Information Administration publishes working gas in underground storage for the lower 48 states.,The weekly storage change is the reference print for Henry Hub and sets the tone for TTF and NBP through the LNG arbitrage.,gas,,,,yes,"weekly, 10:30 eastern on Thursdays, shifted for public holidays",https://ir.eia.gov/ngs/schedule.html,Date generated from the standard weekly cadence stated on the release schedule page. The EIA publishes only its holiday exceptions as dates.,scheduled,2026-07-31,generated
2027-03-03,15:30,US,inventory,"EIA weekly petroleum status, week 9 2027","The Energy Information Administration publishes US crude oil, gasoline and distillate stocks, runs and product supplied.","Crude and product stocks move the oil complex, which still prices a large share of term LNG and so feeds European gas.",gas,,,,yes,"weekly, 10:30 eastern on Wednesdays, shifted for public holidays",https://www.eia.gov/petroleum/supply/weekly/schedule.php,Date generated from the standard weekly cadence stated on the release schedule page. The EIA publishes only its holiday exceptions as dates.,scheduled,2026-07-31,generated
2027-03-04,15:30,US,inventory,"EIA weekly natural gas storage, week 9 2027",The Energy Information Administration publishes working gas in underground storage for the lower 48 states.,The weekly storage change is the reference print for Henry Hub and sets the tone for TTF and NBP through the LNG arbitrage.,gas,,,,yes,"weekly, 10:30 eastern on Thursdays, shifted for public holidays",https://ir.eia.gov/ngs/schedule.html,Date generated from the standard weekly cadence stated on the release schedule page. The EIA publishes only its holiday exceptions as dates.,scheduled,2026-07-31,generated
2027-03-10,15:30,US,inventory,"EIA weekly petroleum status, week 10 2027","The Energy Information Administration publishes US crude oil, gasoline and distillate stocks, runs and product supplied.","Crude and product stocks move the oil complex, which still prices a large share of term LNG and so feeds European gas.",gas,,,,yes,"weekly, 10:30 eastern on Wednesdays, shifted for public holidays",https://www.eia.gov/petroleum/supply/weekly/schedule.php,Date generated from the standard weekly cadence stated on the release schedule page. The EIA publishes only its holiday exceptions as dates.,scheduled,2026-07-31,generated
2027-03-11,15:30,US,inventory,"EIA weekly natural gas storage, week 10 2027",The Energy Information Administration publishes working gas in underground storage for the lower 48 states.,The weekly storage change is the reference print for Henry Hub and sets the tone for TTF and NBP through the LNG arbitrage.,gas,,,,yes,"weekly, 10:30 eastern on Thursdays, shifted for public holidays",https://ir.eia.gov/ngs/schedule.html,Date generated from the standard weekly cadence stated on the release schedule page. The EIA publishes only its holiday exceptions as dates.,scheduled,2026-07-31,generated
2027-03-17,14:30,US,inventory,"EIA weekly petroleum status, week 11 2027","The Energy Information Administration publishes US crude oil, gasoline and distillate stocks, runs and product supplied.","Crude and product stocks move the oil complex, which still prices a large share of term LNG and so feeds European gas.",gas,,,,yes,"weekly, 10:30 eastern on Wednesdays, shifted for public holidays",https://www.eia.gov/petroleum/supply/weekly/schedule.php,Date generated from the standard weekly cadence stated on the release schedule page. The EIA publishes only its holiday exceptions as dates.,scheduled,2026-07-31,generated
2027-03-17,,US,rates,"FOMC monetary policy decision, March 2027",The Federal Open Market Committee closes a scheduled two day meeting and publishes its policy statement.,"US policy rates move the dollar and the market's read on global demand, which feeds through dollar priced crude and LNG into European gas.",both,,,,yes,"eight scheduled meetings a year, statement on the second day",https://www.federalreserve.gov/monetarypolicy/fomccalendars.htm,Meeting associated with a Summary of Economic Projections.,scheduled,2026-07-31,published
2027-03-18,,UK,rates,"Bank of England MPC decision, March 2027",The Monetary Policy Committee announces its Bank Rate decision and publishes the meeting minutes on the same day.,"Bank Rate sets the discount rate behind UK forward power and gas curves and moves sterling, which reprices imported LNG and interconnector flows.",both,,,,yes,"eight scheduled meetings a year, announcement at noon UK time",https://www.bankofengland.co.uk/monetary-policy/upcoming-mpc-dates,Provisional date as published by the Bank.,scheduled,2026-07-31,published
2027-03-18,,EU,rates,"ECB monetary policy decision, March 2027","The Governing Council closes its monetary policy meeting and announces its rate decision, followed by a press conference.",Euro area policy rates set the discount rate behind TTF and continental power curves and move the euro against dollar priced LNG.,both,,,,yes,"eight monetary policy meetings a year, decision on the second day",https://www.ecb.europa.eu/press/calendars/mgcgc/html/index.en.html,,scheduled,2026-07-31,published
2027-03-18,14:30,US,inventory,"EIA weekly natural gas storage, week 11 2027",The Energy Information Administration publishes working gas in underground storage for the lower 48 states.,The weekly storage change is the reference print for Henry Hub and sets the tone for TTF and NBP through the LNG arbitrage.,gas,,,,yes,"weekly, 10:30 eastern on Thursdays, shifted for public holidays",https://ir.eia.gov/ngs/schedule.html,Date generated from the standard weekly cadence stated on the release schedule page. The EIA publishes only its holiday exceptions as dates.,scheduled,2026-07-31,generated
2027-03-24,14:30,US,inventory,"EIA weekly petroleum status, week 12 2027","The Energy Information Administration publishes US crude oil, gasoline and distillate stocks, runs and product supplied.","Crude and product stocks move the oil complex, which still prices a large share of term LNG and so feeds European gas.",gas,,,,yes,"weekly, 10:30 eastern on Wednesdays, shifted for public holidays",https://www.eia.gov/petroleum/supply/weekly/schedule.php,Date generated from the standard weekly cadence stated on the release schedule page. The EIA publishes only its holiday exceptions as dates.,scheduled,2026-07-31,generated
2027-03-25,14:30,US,inventory,"EIA weekly natural gas storage, week 12 2027",The Energy Information Administration publishes working gas in underground storage for the lower 48 states.,The weekly storage change is the reference print for Henry Hub and sets the tone for TTF and NBP through the LNG arbitrage.,gas,,,,yes,"weekly, 10:30 eastern on Thursdays, shifted for public holidays",https://ir.eia.gov/ngs/schedule.html,Date generated from the standard weekly cadence stated on the release schedule page. The EIA publishes only its holiday exceptions as dates.,scheduled,2026-07-31,generated
2027-03-28,,UK,other,"UK clocks go forward, March 2027",British Summer Time begins and the clocks go forward one hour at 01:00 UTC.,"The gas day and the power settlement day change length, so the short day carries 23 settlement periods and shapes within day shape.",both,,,,yes,"twice a year, the last Sunday in March and in October",https://www.gov.uk/when-do-the-clocks-change,,scheduled,2026-07-31,published
2027-03-31,14:30,US,inventory,"EIA weekly petroleum status, week 13 2027","The Energy Information Administration publishes US crude oil, gasoline and distillate stocks, runs and product supplied.","Crude and product stocks move the oil complex, which still prices a large share of term LNG and so feeds European gas.",gas,,,,yes,"weekly, 10:30 eastern on Wednesdays, shifted for public holidays",https://www.eia.gov/petroleum/supply/weekly/schedule.php,Date generated from the standard weekly cadence stated on the release schedule page. The EIA publishes only its holiday exceptions as dates.,scheduled,2026-07-31,generated
2027-04-01,14:30,US,inventory,"EIA weekly natural gas storage, week 13 2027",The Energy Information Administration publishes working gas in underground storage for the lower 48 states.,The weekly storage change is the reference print for Henry Hub and sets the tone for TTF and NBP through the LNG arbitrage.,gas,,,,yes,"weekly, 10:30 eastern on Thursdays, shifted for public holidays",https://ir.eia.gov/ngs/schedule.html,Date generated from the standard weekly cadence stated on the release schedule page. The EIA publishes only its holiday exceptions as dates.,scheduled,2026-07-31,generated
2027-04-07,14:30,US,inventory,"EIA weekly petroleum status, week 14 2027","The Energy Information Administration publishes US crude oil, gasoline and distillate stocks, runs and product supplied.","Crude and product stocks move the oil complex, which still prices a large share of term LNG and so feeds European gas.",gas,,,,yes,"weekly, 10:30 eastern on Wednesdays, shifted for public holidays",https://www.eia.gov/petroleum/supply/weekly/schedule.php,Date generated from the standard weekly cadence stated on the release schedule page. The EIA publishes only its holiday exceptions as dates.,scheduled,2026-07-31,generated
2027-04-08,14:30,US,inventory,"EIA weekly natural gas storage, week 14 2027",The Energy Information Administration publishes working gas in underground storage for the lower 48 states.,The weekly storage change is the reference print for Henry Hub and sets the tone for TTF and NBP through the LNG arbitrage.,gas,,,,yes,"weekly, 10:30 eastern on Thursdays, shifted for public holidays",https://ir.eia.gov/ngs/schedule.html,Date generated from the standard weekly cadence stated on the release schedule page. The EIA publishes only its holiday exceptions as dates.,scheduled,2026-07-31,generated
2027-04-14,14:30,US,inventory,"EIA weekly petroleum status, week 15 2027","The Energy Information Administration publishes US crude oil, gasoline and distillate stocks, runs and product supplied.","Crude and product stocks move the oil complex, which still prices a large share of term LNG and so feeds European gas.",gas,,,,yes,"weekly, 10:30 eastern on Wednesdays, shifted for public holidays",https://www.eia.gov/petroleum/supply/weekly/schedule.php,Date generated from the standard weekly cadence stated on the release schedule page. The EIA publishes only its holiday exceptions as dates.,scheduled,2026-07-31,generated
2027-04-15,14:30,US,inventory,"EIA weekly natural gas storage, week 15 2027",The Energy Information Administration publishes working gas in underground storage for the lower 48 states.,The weekly storage change is the reference print for Henry Hub and sets the tone for TTF and NBP through the LNG arbitrage.,gas,,,,yes,"weekly, 10:30 eastern on Thursdays, shifted for public holidays",https://ir.eia.gov/ngs/schedule.html,Date generated from the standard weekly cadence stated on the release schedule page. The EIA publishes only its holiday exceptions as dates.,scheduled,2026-07-31,generated
2027-04-21,14:30,US,inventory,"EIA weekly petroleum status, week 16 2027","The Energy Information Administration publishes US crude oil, gasoline and distillate stocks, runs and product supplied.","Crude and product stocks move the oil complex, which still prices a large share of term LNG and so feeds European gas.",gas,,,,yes,"weekly, 10:30 eastern on Wednesdays, shifted for public holidays",https://www.eia.gov/petroleum/supply/weekly/schedule.php,Date generated from the standard weekly cadence stated on the release schedule page. The EIA publishes only its holiday exceptions as dates.,scheduled,2026-07-31,generated
2027-04-22,14:30,US,inventory,"EIA weekly natural gas storage, week 16 2027",The Energy Information Administration publishes working gas in underground storage for the lower 48 states.,The weekly storage change is the reference print for Henry Hub and sets the tone for TTF and NBP through the LNG arbitrage.,gas,,,,yes,"weekly, 10:30 eastern on Thursdays, shifted for public holidays",https://ir.eia.gov/ngs/schedule.html,Date generated from the standard weekly cadence stated on the release schedule page. The EIA publishes only its holiday exceptions as dates.,scheduled,2026-07-31,generated
2027-04-28,14:30,US,inventory,"EIA weekly petroleum status, week 17 2027","The Energy Information Administration publishes US crude oil, gasoline and distillate stocks, runs and product supplied.","Crude and product stocks move the oil complex, which still prices a large share of term LNG and so feeds European gas.",gas,,,,yes,"weekly, 10:30 eastern on Wednesdays, shifted for public holidays",https://www.eia.gov/petroleum/supply/weekly/schedule.php,Date generated from the standard weekly cadence stated on the release schedule page. The EIA publishes only its holiday exceptions as dates.,scheduled,2026-07-31,generated
2027-04-28,,US,rates,"FOMC monetary policy decision, April 2027",The Federal Open Market Committee closes a scheduled two day meeting and publishes its policy statement.,"US policy rates move the dollar and the market's read on global demand, which feeds through dollar priced crude and LNG into European gas.",both,,,,yes,"eight scheduled meetings a year, statement on the second day",https://www.federalreserve.gov/monetarypolicy/fomccalendars.htm,,scheduled,2026-07-31,published
2027-04-29,,UK,rates,"Bank of England MPC decision, April 2027",The Monetary Policy Committee announces its Bank Rate decision and publishes the meeting minutes on the same day.,"Bank Rate sets the discount rate behind UK forward power and gas curves and moves sterling, which reprices imported LNG and interconnector flows.",both,,,,yes,"eight scheduled meetings a year, announcement at noon UK time",https://www.bankofengland.co.uk/monetary-policy/upcoming-mpc-dates,Provisional date as published by the Bank.,scheduled,2026-07-31,published
2027-04-29,,UK,rates,"Bank of England Monetary Policy Report, April 2027",The Bank publishes its quarterly Monetary Policy Report alongside the Bank Rate decision.,"The report carries the Bank's demand and inflation path, which shapes expectations for UK industrial gas and power consumption.",both,,,,yes,"quarterly, published alongside four of the eight rate decisions",https://www.bankofengland.co.uk/monetary-policy/upcoming-mpc-dates,Provisional date as published by the Bank.,scheduled,2026-07-31,published
2027-04-29,,EU,rates,"ECB monetary policy decision, April 2027","The Governing Council closes its monetary policy meeting and announces its rate decision, followed by a press conference.",Euro area policy rates set the discount rate behind TTF and continental power curves and move the euro against dollar priced LNG.,both,,,,yes,"eight monetary policy meetings a year, decision on the second day",https://www.ecb.europa.eu/press/calendars/mgcgc/html/index.en.html,,scheduled,2026-07-31,published
2027-04-29,14:30,US,inventory,"EIA weekly natural gas storage, week 17 2027",The Energy Information Administration publishes working gas in underground storage for the lower 48 states.,The weekly storage change is the reference print for Henry Hub and sets the tone for TTF and NBP through the LNG arbitrage.,gas,,,,yes,"weekly, 10:30 eastern on Thursdays, shifted for public holidays",https://ir.eia.gov/ngs/schedule.html,Date generated from the standard weekly cadence stated on the release schedule page. The EIA publishes only its holiday exceptions as dates.,scheduled,2026-07-31,generated
2027-05-05,14:30,US,inventory,"EIA weekly petroleum status, week 18 2027","The Energy Information Administration publishes US crude oil, gasoline and distillate stocks, runs and product supplied.","Crude and product stocks move the oil complex, which still prices a large share of term LNG and so feeds European gas.",gas,,,,yes,"weekly, 10:30 eastern on Wednesdays, shifted for public holidays",https://www.eia.gov/petroleum/supply/weekly/schedule.php,Date generated from the standard weekly cadence stated on the release schedule page. The EIA publishes only its holiday exceptions as dates.,scheduled,2026-07-31,generated
2027-05-06,14:30,US,inventory,"EIA weekly natural gas storage, week 18 2027",The Energy Information Administration publishes working gas in underground storage for the lower 48 states.,The weekly storage change is the reference print for Henry Hub and sets the tone for TTF and NBP through the LNG arbitrage.,gas,,,,yes,"weekly, 10:30 eastern on Thursdays, shifted for public holidays",https://ir.eia.gov/ngs/schedule.html,Date generated from the standard weekly cadence stated on the release schedule page. The EIA publishes only its holiday exceptions as dates.,scheduled,2026-07-31,generated
2027-05-12,14:30,US,inventory,"EIA weekly petroleum status, week 19 2027","The Energy Information Administration publishes US crude oil, gasoline and distillate stocks, runs and product supplied.","Crude and product stocks move the oil complex, which still prices a large share of term LNG and so feeds European gas.",gas,,,,yes,"weekly, 10:30 eastern on Wednesdays, shifted for public holidays",https://www.eia.gov/petroleum/supply/weekly/schedule.php,Date generated from the standard weekly cadence stated on the release schedule page. The EIA publishes only its holiday exceptions as dates.,scheduled,2026-07-31,generated
2027-05-13,14:30,US,inventory,"EIA weekly natural gas storage, week 19 2027",The Energy Information Administration publishes working gas in underground storage for the lower 48 states.,The weekly storage change is the reference print for Henry Hub and sets the tone for TTF and NBP through the LNG arbitrage.,gas,,,,yes,"weekly, 10:30 eastern on Thursdays, shifted for public holidays",https://ir.eia.gov/ngs/schedule.html,Date generated from the standard weekly cadence stated on the release schedule page. The EIA publishes only its holiday exceptions as dates.,scheduled,2026-07-31,generated
2027-05-19,14:30,US,inventory,"EIA weekly petroleum status, week 20 2027","The Energy Information Administration publishes US crude oil, gasoline and distillate stocks, runs and product supplied.","Crude and product stocks move the oil complex, which still prices a large share of term LNG and so feeds European gas.",gas,,,,yes,"weekly, 10:30 eastern on Wednesdays, shifted for public holidays",https://www.eia.gov/petroleum/supply/weekly/schedule.php,Date generated from the standard weekly cadence stated on the release schedule page. The EIA publishes only its holiday exceptions as dates.,scheduled,2026-07-31,generated
2027-05-20,14:30,US,inventory,"EIA weekly natural gas storage, week 20 2027",The Energy Information Administration publishes working gas in underground storage for the lower 48 states.,The weekly storage change is the reference print for Henry Hub and sets the tone for TTF and NBP through the LNG arbitrage.,gas,,,,yes,"weekly, 10:30 eastern on Thursdays, shifted for public holidays",https://ir.eia.gov/ngs/schedule.html,Date generated from the standard weekly cadence stated on the release schedule page. The EIA publishes only its holiday exceptions as dates.,scheduled,2026-07-31,generated
2027-05-26,14:30,US,inventory,"EIA weekly petroleum status, week 21 2027","The Energy Information Administration publishes US crude oil, gasoline and distillate stocks, runs and product supplied.","Crude and product stocks move the oil complex, which still prices a large share of term LNG and so feeds European gas.",gas,,,,yes,"weekly, 10:30 eastern on Wednesdays, shifted for public holidays",https://www.eia.gov/petroleum/supply/weekly/schedule.php,Date generated from the standard weekly cadence stated on the release schedule page. The EIA publishes only its holiday exceptions as dates.,scheduled,2026-07-31,generated
2027-05-27,14:30,US,inventory,"EIA weekly natural gas storage, week 21 2027",The Energy Information Administration publishes working gas in underground storage for the lower 48 states.,The weekly storage change is the reference print for Henry Hub and sets the tone for TTF and NBP through the LNG arbitrage.,gas,,,,yes,"weekly, 10:30 eastern on Thursdays, shifted for public holidays",https://ir.eia.gov/ngs/schedule.html,Date generated from the standard weekly cadence stated on the release schedule page. The EIA publishes only its holiday exceptions as dates.,scheduled,2026-07-31,generated
2027-06-02,14:30,US,inventory,"EIA weekly petroleum status, week 22 2027","The Energy Information Administration publishes US crude oil, gasoline and distillate stocks, runs and product supplied.","Crude and product stocks move the oil complex, which still prices a large share of term LNG and so feeds European gas.",gas,,,,yes,"weekly, 10:30 eastern on Wednesdays, shifted for public holidays",https://www.eia.gov/petroleum/supply/weekly/schedule.php,Date generated from the standard weekly cadence stated on the release schedule page. The EIA publishes only its holiday exceptions as dates.,scheduled,2026-07-31,generated
2027-06-03,14:30,US,inventory,"EIA weekly natural gas storage, week 22 2027",The Energy Information Administration publishes working gas in underground storage for the lower 48 states.,The weekly storage change is the reference print for Henry Hub and sets the tone for TTF and NBP through the LNG arbitrage.,gas,,,,yes,"weekly, 10:30 eastern on Thursdays, shifted for public holidays",https://ir.eia.gov/ngs/schedule.html,Date generated from the standard weekly cadence stated on the release schedule page. The EIA publishes only its holiday exceptions as dates.,scheduled,2026-07-31,generated
2027-06-09,14:30,US,inventory,"EIA weekly petroleum status, week 23 2027","The Energy Information Administration publishes US crude oil, gasoline and distillate stocks, runs and product supplied.","Crude and product stocks move the oil complex, which still prices a large share of term LNG and so feeds European gas.",gas,,,,yes,"weekly, 10:30 eastern on Wednesdays, shifted for public holidays",https://www.eia.gov/petroleum/supply/weekly/schedule.php,Date generated from the standard weekly cadence stated on the release schedule page. The EIA publishes only its holiday exceptions as dates.,scheduled,2026-07-31,generated
2027-06-09,,US,rates,"FOMC monetary policy decision, June 2027",The Federal Open Market Committee closes a scheduled two day meeting and publishes its policy statement.,"US policy rates move the dollar and the market's read on global demand, which feeds through dollar priced crude and LNG into European gas.",both,,,,yes,"eight scheduled meetings a year, statement on the second day",https://www.federalreserve.gov/monetarypolicy/fomccalendars.htm,Meeting associated with a Summary of Economic Projections.,scheduled,2026-07-31,published
2027-06-10,,EU,rates,"ECB monetary policy decision, June 2027","The Governing Council closes its monetary policy meeting and announces its rate decision, followed by a press conference.",Euro area policy rates set the discount rate behind TTF and continental power curves and move the euro against dollar priced LNG.,both,,,,yes,"eight monetary policy meetings a year, decision on the second day",https://www.ecb.europa.eu/press/calendars/mgcgc/html/index.en.html,,scheduled,2026-07-31,published
2027-06-10,14:30,US,inventory,"EIA weekly natural gas storage, week 23 2027",The Energy Information Administration publishes working gas in underground storage for the lower 48 states.,The weekly storage change is the reference print for Henry Hub and sets the tone for TTF and NBP through the LNG arbitrage.,gas,,,,yes,"weekly, 10:30 eastern on Thursdays, shifted for public holidays",https://ir.eia.gov/ngs/schedule.html,Date generated from the standard weekly cadence stated on the release schedule page. The EIA publishes only its holiday exceptions as dates.,scheduled,2026-07-31,generated
2027-06-16,14:30,US,inventory,"EIA weekly petroleum status, week 24 2027","The Energy Information Administration publishes US crude oil, gasoline and distillate stocks, runs and product supplied.","Crude and product stocks move the oil complex, which still prices a large share of term LNG and so feeds European gas.",gas,,,,yes,"weekly, 10:30 eastern on Wednesdays, shifted for public holidays",https://www.eia.gov/petroleum/supply/weekly/schedule.php,Date generated from the standard weekly cadence stated on the release schedule page. The EIA publishes only its holiday exceptions as dates.,scheduled,2026-07-31,generated
2027-06-17,,UK,rates,"Bank of England MPC decision, June 2027",The Monetary Policy Committee announces its Bank Rate decision and publishes the meeting minutes on the same day.,"Bank Rate sets the discount rate behind UK forward power and gas curves and moves sterling, which reprices imported LNG and interconnector flows.",both,,,,yes,"eight scheduled meetings a year, announcement at noon UK time",https://www.bankofengland.co.uk/monetary-policy/upcoming-mpc-dates,Provisional date as published by the Bank.,scheduled,2026-07-31,published
2027-06-17,14:30,US,inventory,"EIA weekly natural gas storage, week 24 2027",The Energy Information Administration publishes working gas in underground storage for the lower 48 states.,The weekly storage change is the reference print for Henry Hub and sets the tone for TTF and NBP through the LNG arbitrage.,gas,,,,yes,"weekly, 10:30 eastern on Thursdays, shifted for public holidays",https://ir.eia.gov/ngs/schedule.html,Date generated from the standard weekly cadence stated on the release schedule page. The EIA publishes only its holiday exceptions as dates.,scheduled,2026-07-31,generated
2027-06-23,14:30,US,inventory,"EIA weekly petroleum status, week 25 2027","The Energy Information Administration publishes US crude oil, gasoline and distillate stocks, runs and product supplied.","Crude and product stocks move the oil complex, which still prices a large share of term LNG and so feeds European gas.",gas,,,,yes,"weekly, 10:30 eastern on Wednesdays, shifted for public holidays",https://www.eia.gov/petroleum/supply/weekly/schedule.php,Date generated from the standard weekly cadence stated on the release schedule page. The EIA publishes only its holiday exceptions as dates.,scheduled,2026-07-31,generated
2027-06-24,14:30,US,inventory,"EIA weekly natural gas storage, week 25 2027",The Energy Information Administration publishes working gas in underground storage for the lower 48 states.,The weekly storage change is the reference print for Henry Hub and sets the tone for TTF and NBP through the LNG arbitrage.,gas,,,,yes,"weekly, 10:30 eastern on Thursdays, shifted for public holidays",https://ir.eia.gov/ngs/schedule.html,Date generated from the standard weekly cadence stated on the release schedule page. The EIA publishes only its holiday exceptions as dates.,scheduled,2026-07-31,generated
2027-06-30,14:30,US,inventory,"EIA weekly petroleum status, week 26 2027","The Energy Information Administration publishes US crude oil, gasoline and distillate stocks, runs and product supplied.","Crude and product stocks move the oil complex, which still prices a large share of term LNG and so feeds European gas.",gas,,,,yes,"weekly, 10:30 eastern on Wednesdays, shifted for public holidays",https://www.eia.gov/petroleum/supply/weekly/schedule.php,Date generated from the standard weekly cadence stated on the release schedule page. The EIA publishes only its holiday exceptions as dates.,scheduled,2026-07-31,generated
2027-07-01,14:30,US,inventory,"EIA weekly natural gas storage, week 26 2027",The Energy Information Administration publishes working gas in underground storage for the lower 48 states.,The weekly storage change is the reference print for Henry Hub and sets the tone for TTF and NBP through the LNG arbitrage.,gas,,,,yes,"weekly, 10:30 eastern on Thursdays, shifted for public holidays",https://ir.eia.gov/ngs/schedule.html,Date generated from the standard weekly cadence stated on the release schedule page. The EIA publishes only its holiday exceptions as dates.,scheduled,2026-07-31,generated
2027-07-07,14:30,US,inventory,"EIA weekly petroleum status, week 27 2027","The Energy Information Administration publishes US crude oil, gasoline and distillate stocks, runs and product supplied.","Crude and product stocks move the oil complex, which still prices a large share of term LNG and so feeds European gas.",gas,,,,yes,"weekly, 10:30 eastern on Wednesdays, shifted for public holidays",https://www.eia.gov/petroleum/supply/weekly/schedule.php,Date generated from the standard weekly cadence stated on the release schedule page. The EIA publishes only its holiday exceptions as dates.,scheduled,2026-07-31,generated
2027-07-08,14:30,US,inventory,"EIA weekly natural gas storage, week 27 2027",The Energy Information Administration publishes working gas in underground storage for the lower 48 states.,The weekly storage change is the reference print for Henry Hub and sets the tone for TTF and NBP through the LNG arbitrage.,gas,,,,yes,"weekly, 10:30 eastern on Thursdays, shifted for public holidays",https://ir.eia.gov/ngs/schedule.html,Date generated from the standard weekly cadence stated on the release schedule page. The EIA publishes only its holiday exceptions as dates.,scheduled,2026-07-31,generated
2027-07-14,14:30,US,inventory,"EIA weekly petroleum status, week 28 2027","The Energy Information Administration publishes US crude oil, gasoline and distillate stocks, runs and product supplied.","Crude and product stocks move the oil complex, which still prices a large share of term LNG and so feeds European gas.",gas,,,,yes,"weekly, 10:30 eastern on Wednesdays, shifted for public holidays",https://www.eia.gov/petroleum/supply/weekly/schedule.php,Date generated from the standard weekly cadence stated on the release schedule page. The EIA publishes only its holiday exceptions as dates.,scheduled,2026-07-31,generated
2027-07-15,14:30,US,inventory,"EIA weekly natural gas storage, week 28 2027",The Energy Information Administration publishes working gas in underground storage for the lower 48 states.,The weekly storage change is the reference print for Henry Hub and sets the tone for TTF and NBP through the LNG arbitrage.,gas,,,,yes,"weekly, 10:30 eastern on Thursdays, shifted for public holidays",https://ir.eia.gov/ngs/schedule.html,Date generated from the standard weekly cadence stated on the release schedule page. The EIA publishes only its holiday exceptions as dates.,scheduled,2026-07-31,generated
2027-07-21,14:30,US,inventory,"EIA weekly petroleum status, week 29 2027","The Energy Information Administration publishes US crude oil, gasoline and distillate stocks, runs and product supplied.","Crude and product stocks move the oil complex, which still prices a large share of term LNG and so feeds European gas.",gas,,,,yes,"weekly, 10:30 eastern on Wednesdays, shifted for public holidays",https://www.eia.gov/petroleum/supply/weekly/schedule.php,Date generated from the standard weekly cadence stated on the release schedule page. The EIA publishes only its holiday exceptions as dates.,scheduled,2026-07-31,generated
2027-07-22,,EU,rates,"ECB monetary policy decision, July 2027","The Governing Council closes its monetary policy meeting and announces its rate decision, followed by a press conference.",Euro area policy rates set the discount rate behind TTF and continental power curves and move the euro against dollar priced LNG.,both,,,,yes,"eight monetary policy meetings a year, decision on the second day",https://www.ecb.europa.eu/press/calendars/mgcgc/html/index.en.html,,scheduled,2026-07-31,published
2027-07-22,14:30,US,inventory,"EIA weekly natural gas storage, week 29 2027",The Energy Information Administration publishes working gas in underground storage for the lower 48 states.,The weekly storage change is the reference print for Henry Hub and sets the tone for TTF and NBP through the LNG arbitrage.,gas,,,,yes,"weekly, 10:30 eastern on Thursdays, shifted for public holidays",https://ir.eia.gov/ngs/schedule.html,Date generated from the standard weekly cadence stated on the release schedule page. The EIA publishes only its holiday exceptions as dates.,scheduled,2026-07-31,generated
2027-07-28,14:30,US,inventory,"EIA weekly petroleum status, week 30 2027","The Energy Information Administration publishes US crude oil, gasoline and distillate stocks, runs and product supplied.","Crude and product stocks move the oil complex, which still prices a large share of term LNG and so feeds European gas.",gas,,,,yes,"weekly, 10:30 eastern on Wednesdays, shifted for public holidays",https://www.eia.gov/petroleum/supply/weekly/schedule.php,Date generated from the standard weekly cadence stated on the release schedule page. The EIA publishes only its holiday exceptions as dates.,scheduled,2026-07-31,generated
2027-07-28,,US,rates,"FOMC monetary policy decision, July 2027",The Federal Open Market Committee closes a scheduled two day meeting and publishes its policy statement.,"US policy rates move the dollar and the market's read on global demand, which feeds through dollar priced crude and LNG into European gas.",both,,,,yes,"eight scheduled meetings a year, statement on the second day",https://www.federalreserve.gov/monetarypolicy/fomccalendars.htm,,scheduled,2026-07-31,published
2027-07-29,,UK,rates,"Bank of England MPC decision, July 2027",The Monetary Policy Committee announces its Bank Rate decision and publishes the meeting minutes on the same day.,"Bank Rate sets the discount rate behind UK forward power and gas curves and moves sterling, which reprices imported LNG and interconnector flows.",both,,,,yes,"eight scheduled meetings a year, announcement at noon UK time",https://www.bankofengland.co.uk/monetary-policy/upcoming-mpc-dates,Provisional date as published by the Bank.,scheduled,2026-07-31,published
2027-07-29,,UK,rates,"Bank of England Monetary Policy Report, July 2027",The Bank publishes its quarterly Monetary Policy Report alongside the Bank Rate decision.,"The report carries the Bank's demand and inflation path, which shapes expectations for UK industrial gas and power consumption.",both,,,,yes,"quarterly, published alongside four of the eight rate decisions",https://www.bankofengland.co.uk/monetary-policy/upcoming-mpc-dates,Provisional date as published by the Bank.,scheduled,2026-07-31,published
2027-07-29,14:30,US,inventory,"EIA weekly natural gas storage, week 30 2027",The Energy Information Administration publishes working gas in underground storage for the lower 48 states.,The weekly storage change is the reference print for Henry Hub and sets the tone for TTF and NBP through the LNG arbitrage.,gas,,,,yes,"weekly, 10:30 eastern on Thursdays, shifted for public holidays",https://ir.eia.gov/ngs/schedule.html,Date generated from the standard weekly cadence stated on the release schedule page. The EIA publishes only its holiday exceptions as dates.,scheduled,2026-07-31,generated
2027-08-04,14:30,US,inventory,"EIA weekly petroleum status, week 31 2027","The Energy Information Administration publishes US crude oil, gasoline and distillate stocks, runs and product supplied.","Crude and product stocks move the oil complex, which still prices a large share of term LNG and so feeds European gas.",gas,,,,yes,"weekly, 10:30 eastern on Wednesdays, shifted for public holidays",https://www.eia.gov/petroleum/supply/weekly/schedule.php,Date generated from the standard weekly cadence stated on the release schedule page. The EIA publishes only its holiday exceptions as dates.,scheduled,2026-07-31,generated
2027-08-05,14:30,US,inventory,"EIA weekly natural gas storage, week 31 2027",The Energy Information Administration publishes working gas in underground storage for the lower 48 states.,The weekly storage change is the reference print for Henry Hub and sets the tone for TTF and NBP through the LNG arbitrage.,gas,,,,yes,"weekly, 10:30 eastern on Thursdays, shifted for public holidays",https://ir.eia.gov/ngs/schedule.html,Date generated from the standard weekly cadence stated on the release schedule page. The EIA publishes only its holiday exceptions as dates.,scheduled,2026-07-31,generated
2027-08-11,14:30,US,inventory,"EIA weekly petroleum status, week 32 2027","The Energy Information Administration publishes US crude oil, gasoline and distillate stocks, runs and product supplied.","Crude and product stocks move the oil complex, which still prices a large share of term LNG and so feeds European gas.",gas,,,,yes,"weekly, 10:30 eastern on Wednesdays, shifted for public holidays",https://www.eia.gov/petroleum/supply/weekly/schedule.php,Date generated from the standard weekly cadence stated on the release schedule page. The EIA publishes only its holiday exceptions as dates.,scheduled,2026-07-31,generated
2027-08-12,14:30,US,inventory,"EIA weekly natural gas storage, week 32 2027",The Energy Information Administration publishes working gas in underground storage for the lower 48 states.,The weekly storage change is the reference print for Henry Hub and sets the tone for TTF and NBP through the LNG arbitrage.,gas,,,,yes,"weekly, 10:30 eastern on Thursdays, shifted for public holidays",https://ir.eia.gov/ngs/schedule.html,Date generated from the standard weekly cadence stated on the release schedule page. The EIA publishes only its holiday exceptions as dates.,scheduled,2026-07-31,generated
2027-08-18,14:30,US,inventory,"EIA weekly petroleum status, week 33 2027","The Energy Information Administration publishes US crude oil, gasoline and distillate stocks, runs and product supplied.","Crude and product stocks move the oil complex, which still prices a large share of term LNG and so feeds European gas.",gas,,,,yes,"weekly, 10:30 eastern on Wednesdays, shifted for public holidays",https://www.eia.gov/petroleum/supply/weekly/schedule.php,Date generated from the standard weekly cadence stated on the release schedule page. The EIA publishes only its holiday exceptions as dates.,scheduled,2026-07-31,generated
2027-08-19,14:30,US,inventory,"EIA weekly natural gas storage, week 33 2027",The Energy Information Administration publishes working gas in underground storage for the lower 48 states.,The weekly storage change is the reference print for Henry Hub and sets the tone for TTF and NBP through the LNG arbitrage.,gas,,,,yes,"weekly, 10:30 eastern on Thursdays, shifted for public holidays",https://ir.eia.gov/ngs/schedule.html,Date generated from the standard weekly cadence stated on the release schedule page. The EIA publishes only its holiday exceptions as dates.,scheduled,2026-07-31,generated
2027-08-25,14:30,US,inventory,"EIA weekly petroleum status, week 34 2027","The Energy Information Administration publishes US crude oil, gasoline and distillate stocks, runs and product supplied.","Crude and product stocks move the oil complex, which still prices a large share of term LNG and so feeds European gas.",gas,,,,yes,"weekly, 10:30 eastern on Wednesdays, shifted for public holidays",https://www.eia.gov/petroleum/supply/weekly/schedule.php,Date generated from the standard weekly cadence stated on the release schedule page. The EIA publishes only its holiday exceptions as dates.,scheduled,2026-07-31,generated
2027-08-26,14:30,US,inventory,"EIA weekly natural gas storage, week 34 2027",The Energy Information Administration publishes working gas in underground storage for the lower 48 states.,The weekly storage change is the reference print for Henry Hub and sets the tone for TTF and NBP through the LNG arbitrage.,gas,,,,yes,"weekly, 10:30 eastern on Thursdays, shifted for public holidays",https://ir.eia.gov/ngs/schedule.html,Date generated from the standard weekly cadence stated on the release schedule page. The EIA publishes only its holiday exceptions as dates.,scheduled,2026-07-31,generated
2027-09-01,14:30,US,inventory,"EIA weekly petroleum status, week 35 2027","The Energy Information Administration publishes US crude oil, gasoline and distillate stocks, runs and product supplied.","Crude and product stocks move the oil complex, which still prices a large share of term LNG and so feeds European gas.",gas,,,,yes,"weekly, 10:30 eastern on Wednesdays, shifted for public holidays",https://www.eia.gov/petroleum/supply/weekly/schedule.php,Date generated from the standard weekly cadence stated on the release schedule page. The EIA publishes only its holiday exceptions as dates.,scheduled,2026-07-31,generated
2027-09-02,14:30,US,inventory,"EIA weekly natural gas storage, week 35 2027",The Energy Information Administration publishes working gas in underground storage for the lower 48 states.,The weekly storage change is the reference print for Henry Hub and sets the tone for TTF and NBP through the LNG arbitrage.,gas,,,,yes,"weekly, 10:30 eastern on Thursdays, shifted for public holidays",https://ir.eia.gov/ngs/schedule.html,Date generated from the standard weekly cadence stated on the release schedule page. The EIA publishes only its holiday exceptions as dates.,scheduled,2026-07-31,generated
2027-09-08,14:30,US,inventory,"EIA weekly petroleum status, week 36 2027","The Energy Information Administration publishes US crude oil, gasoline and distillate stocks, runs and product supplied.","Crude and product stocks move the oil complex, which still prices a large share of term LNG and so feeds European gas.",gas,,,,yes,"weekly, 10:30 eastern on Wednesdays, shifted for public holidays",https://www.eia.gov/petroleum/supply/weekly/schedule.php,Date generated from the standard weekly cadence stated on the release schedule page. The EIA publishes only its holiday exceptions as dates.,scheduled,2026-07-31,generated
2027-09-09,,EU,rates,"ECB monetary policy decision, September 2027","The Governing Council closes its monetary policy meeting and announces its rate decision, followed by a press conference.",Euro area policy rates set the discount rate behind TTF and continental power curves and move the euro against dollar priced LNG.,both,,,,yes,"eight monetary policy meetings a year, decision on the second day",https://www.ecb.europa.eu/press/calendars/mgcgc/html/index.en.html,,scheduled,2026-07-31,published
2027-09-09,14:30,US,inventory,"EIA weekly natural gas storage, week 36 2027",The Energy Information Administration publishes working gas in underground storage for the lower 48 states.,The weekly storage change is the reference print for Henry Hub and sets the tone for TTF and NBP through the LNG arbitrage.,gas,,,,yes,"weekly, 10:30 eastern on Thursdays, shifted for public holidays",https://ir.eia.gov/ngs/schedule.html,Date generated from the standard weekly cadence stated on the release schedule page. The EIA publishes only its holiday exceptions as dates.,scheduled,2026-07-31,generated
2027-09-15,14:30,US,inventory,"EIA weekly petroleum status, week 37 2027","The Energy Information Administration publishes US crude oil, gasoline and distillate stocks, runs and product supplied.","Crude and product stocks move the oil complex, which still prices a large share of term LNG and so feeds European gas.",gas,,,,yes,"weekly, 10:30 eastern on Wednesdays, shifted for public holidays",https://www.eia.gov/petroleum/supply/weekly/schedule.php,Date generated from the standard weekly cadence stated on the release schedule page. The EIA publishes only its holiday exceptions as dates.,scheduled,2026-07-31,generated
2027-09-15,,US,rates,"FOMC monetary policy decision, September 2027",The Federal Open Market Committee closes a scheduled two day meeting and publishes its policy statement.,"US policy rates move the dollar and the market's read on global demand, which feeds through dollar priced crude and LNG into European gas.",both,,,,yes,"eight scheduled meetings a year, statement on the second day",https://www.federalreserve.gov/monetarypolicy/fomccalendars.htm,Meeting associated with a Summary of Economic Projections.,scheduled,2026-07-31,published
2027-09-16,,UK,rates,"Bank of England MPC decision, September 2027",The Monetary Policy Committee announces its Bank Rate decision and publishes the meeting minutes on the same day.,"Bank Rate sets the discount rate behind UK forward power and gas curves and moves sterling, which reprices imported LNG and interconnector flows.",both,,,,yes,"eight scheduled meetings a year, announcement at noon UK time",https://www.bankofengland.co.uk/monetary-policy/upcoming-mpc-dates,Provisional date as published by the Bank.,scheduled,2026-07-31,published
2027-09-16,14:30,US,inventory,"EIA weekly natural gas storage, week 37 2027",The Energy Information Administration publishes working gas in underground storage for the lower 48 states.,The weekly storage change is the reference print for Henry Hub and sets the tone for TTF and NBP through the LNG arbitrage.,gas,,,,yes,"weekly, 10:30 eastern on Thursdays, shifted for public holidays",https://ir.eia.gov/ngs/schedule.html,Date generated from the standard weekly cadence stated on the release schedule page. The EIA publishes only its holiday exceptions as dates.,scheduled,2026-07-31,generated
2027-09-22,14:30,US,inventory,"EIA weekly petroleum status, week 38 2027","The Energy Information Administration publishes US crude oil, gasoline and distillate stocks, runs and product supplied.","Crude and product stocks move the oil complex, which still prices a large share of term LNG and so feeds European gas.",gas,,,,yes,"weekly, 10:30 eastern on Wednesdays, shifted for public holidays",https://www.eia.gov/petroleum/supply/weekly/schedule.php,Date generated from the standard weekly cadence stated on the release schedule page. The EIA publishes only its holiday exceptions as dates.,scheduled,2026-07-31,generated
2027-09-23,14:30,US,inventory,"EIA weekly natural gas storage, week 38 2027",The Energy Information Administration publishes working gas in underground storage for the lower 48 states.,The weekly storage change is the reference print for Henry Hub and sets the tone for TTF and NBP through the LNG arbitrage.,gas,,,,yes,"weekly, 10:30 eastern on Thursdays, shifted for public holidays",https://ir.eia.gov/ngs/schedule.html,Date generated from the standard weekly cadence stated on the release schedule page. The EIA publishes only its holiday exceptions as dates.,scheduled,2026-07-31,generated
2027-09-29,14:30,US,inventory,"EIA weekly petroleum status, week 39 2027","The Energy Information Administration publishes US crude oil, gasoline and distillate stocks, runs and product supplied.","Crude and product stocks move the oil complex, which still prices a large share of term LNG and so feeds European gas.",gas,,,,yes,"weekly, 10:30 eastern on Wednesdays, shifted for public holidays",https://www.eia.gov/petroleum/supply/weekly/schedule.php,Date generated from the standard weekly cadence stated on the release schedule page. The EIA publishes only its holiday exceptions as dates.,scheduled,2026-07-31,generated
2027-09-30,14:30,US,inventory,"EIA weekly natural gas storage, week 39 2027",The Energy Information Administration publishes working gas in underground storage for the lower 48 states.,The weekly storage change is the reference print for Henry Hub and sets the tone for TTF and NBP through the LNG arbitrage.,gas,,,,yes,"weekly, 10:30 eastern on Thursdays, shifted for public holidays",https://ir.eia.gov/ngs/schedule.html,Date generated from the standard weekly cadence stated on the release schedule page. The EIA publishes only its holiday exceptions as dates.,scheduled,2026-07-31,generated
2027-10-06,14:30,US,inventory,"EIA weekly petroleum status, week 40 2027","The Energy Information Administration publishes US crude oil, gasoline and distillate stocks, runs and product supplied.","Crude and product stocks move the oil complex, which still prices a large share of term LNG and so feeds European gas.",gas,,,,yes,"weekly, 10:30 eastern on Wednesdays, shifted for public holidays",https://www.eia.gov/petroleum/supply/weekly/schedule.php,Date generated from the standard weekly cadence stated on the release schedule page. The EIA publishes only its holiday exceptions as dates.,scheduled,2026-07-31,generated
2027-10-07,14:30,US,inventory,"EIA weekly natural gas storage, week 40 2027",The Energy Information Administration publishes working gas in underground storage for the lower 48 states.,The weekly storage change is the reference print for Henry Hub and sets the tone for TTF and NBP through the LNG arbitrage.,gas,,,,yes,"weekly, 10:30 eastern on Thursdays, shifted for public holidays",https://ir.eia.gov/ngs/schedule.html,Date generated from the standard weekly cadence stated on the release schedule page. The EIA publishes only its holiday exceptions as dates.,scheduled,2026-07-31,generated
2027-10-13,14:30,US,inventory,"EIA weekly petroleum status, week 41 2027","The Energy Information Administration publishes US crude oil, gasoline and distillate stocks, runs and product supplied.","Crude and product stocks move the oil complex, which still prices a large share of term LNG and so feeds European gas.",gas,,,,yes,"weekly, 10:30 eastern on Wednesdays, shifted for public holidays",https://www.eia.gov/petroleum/supply/weekly/schedule.php,Date generated from the standard weekly cadence stated on the release schedule page. The EIA publishes only its holiday exceptions as dates.,scheduled,2026-07-31,generated
2027-10-14,14:30,US,inventory,"EIA weekly natural gas storage, week 41 2027",The Energy Information Administration publishes working gas in underground storage for the lower 48 states.,The weekly storage change is the reference print for Henry Hub and sets the tone for TTF and NBP through the LNG arbitrage.,gas,,,,yes,"weekly, 10:30 eastern on Thursdays, shifted for public holidays",https://ir.eia.gov/ngs/schedule.html,Date generated from the standard weekly cadence stated on the release schedule page. The EIA publishes only its holiday exceptions as dates.,scheduled,2026-07-31,generated
2027-10-20,14:30,US,inventory,"EIA weekly petroleum status, week 42 2027","The Energy Information Administration publishes US crude oil, gasoline and distillate stocks, runs and product supplied.","Crude and product stocks move the oil complex, which still prices a large share of term LNG and so feeds European gas.",gas,,,,yes,"weekly, 10:30 eastern on Wednesdays, shifted for public holidays",https://www.eia.gov/petroleum/supply/weekly/schedule.php,Date generated from the standard weekly cadence stated on the release schedule page. The EIA publishes only its holiday exceptions as dates.,scheduled,2026-07-31,generated
2027-10-21,14:30,US,inventory,"EIA weekly natural gas storage, week 42 2027",The Energy Information Administration publishes working gas in underground storage for the lower 48 states.,The weekly storage change is the reference print for Henry Hub and sets the tone for TTF and NBP through the LNG arbitrage.,gas,,,,yes,"weekly, 10:30 eastern on Thursdays, shifted for public holidays",https://ir.eia.gov/ngs/schedule.html,Date generated from the standard weekly cadence stated on the release schedule page. The EIA publishes only its holiday exceptions as dates.,scheduled,2026-07-31,generated
2027-10-27,14:30,US,inventory,"EIA weekly petroleum status, week 43 2027","The Energy Information Administration publishes US crude oil, gasoline and distillate stocks, runs and product supplied.","Crude and product stocks move the oil complex, which still prices a large share of term LNG and so feeds European gas.",gas,,,,yes,"weekly, 10:30 eastern on Wednesdays, shifted for public holidays",https://www.eia.gov/petroleum/supply/weekly/schedule.php,Date generated from the standard weekly cadence stated on the release schedule page. The EIA publishes only its holiday exceptions as dates.,scheduled,2026-07-31,generated
2027-10-27,,US,rates,"FOMC monetary policy decision, October 2027",The Federal Open Market Committee closes a scheduled two day meeting and publishes its policy statement.,"US policy rates move the dollar and the market's read on global demand, which feeds through dollar priced crude and LNG into European gas.",both,,,,yes,"eight scheduled meetings a year, statement on the second day",https://www.federalreserve.gov/monetarypolicy/fomccalendars.htm,,scheduled,2026-07-31,published
2027-10-28,,EU,rates,"ECB monetary policy decision, October 2027","The Governing Council closes its monetary policy meeting and announces its rate decision, followed by a press conference.",Euro area policy rates set the discount rate behind TTF and continental power curves and move the euro against dollar priced LNG.,both,,,,yes,"eight monetary policy meetings a year, decision on the second day",https://www.ecb.europa.eu/press/calendars/mgcgc/html/index.en.html,,scheduled,2026-07-31,published
2027-10-28,14:30,US,inventory,"EIA weekly natural gas storage, week 43 2027",The Energy Information Administration publishes working gas in underground storage for the lower 48 states.,The weekly storage change is the reference print for Henry Hub and sets the tone for TTF and NBP through the LNG arbitrage.,gas,,,,yes,"weekly, 10:30 eastern on Thursdays, shifted for public holidays",https://ir.eia.gov/ngs/schedule.html,Date generated from the standard weekly cadence stated on the release schedule page. The EIA publishes only its holiday exceptions as dates.,scheduled,2026-07-31,generated
2027-10-31,,UK,other,"UK clocks go back, October 2027",British Summer Time ends and the clocks go back one hour at 01:00 UTC.,"The long day carries 25 settlement periods and the evening peak moves an hour earlier against demand, which lifts peak power.",both,,,,yes,"twice a year, the last Sunday in March and in October",https://www.gov.uk/when-do-the-clocks-change,,scheduled,2026-07-31,published
2027-11-03,14:30,US,inventory,"EIA weekly petroleum status, week 44 2027","The Energy Information Administration publishes US crude oil, gasoline and distillate stocks, runs and product supplied.","Crude and product stocks move the oil complex, which still prices a large share of term LNG and so feeds European gas.",gas,,,,yes,"weekly, 10:30 eastern on Wednesdays, shifted for public holidays",https://www.eia.gov/petroleum/supply/weekly/schedule.php,Date generated from the standard weekly cadence stated on the release schedule page. The EIA publishes only its holiday exceptions as dates.,scheduled,2026-07-31,generated
2027-11-04,,UK,rates,"Bank of England MPC decision, November 2027",The Monetary Policy Committee announces its Bank Rate decision and publishes the meeting minutes on the same day.,"Bank Rate sets the discount rate behind UK forward power and gas curves and moves sterling, which reprices imported LNG and interconnector flows.",both,,,,yes,"eight scheduled meetings a year, announcement at noon UK time",https://www.bankofengland.co.uk/monetary-policy/upcoming-mpc-dates,Provisional date as published by the Bank.,scheduled,2026-07-31,published
2027-11-04,,UK,rates,"Bank of England Monetary Policy Report, November 2027",The Bank publishes its quarterly Monetary Policy Report alongside the Bank Rate decision.,"The report carries the Bank's demand and inflation path, which shapes expectations for UK industrial gas and power consumption.",both,,,,yes,"quarterly, published alongside four of the eight rate decisions",https://www.bankofengland.co.uk/monetary-policy/upcoming-mpc-dates,Provisional date as published by the Bank.,scheduled,2026-07-31,published
2027-11-04,14:30,US,inventory,"EIA weekly natural gas storage, week 44 2027",The Energy Information Administration publishes working gas in underground storage for the lower 48 states.,The weekly storage change is the reference print for Henry Hub and sets the tone for TTF and NBP through the LNG arbitrage.,gas,,,,yes,"weekly, 10:30 eastern on Thursdays, shifted for public holidays",https://ir.eia.gov/ngs/schedule.html,Date generated from the standard weekly cadence stated on the release schedule page. The EIA publishes only its holiday exceptions as dates.,scheduled,2026-07-31,generated
2027-11-10,15:30,US,inventory,"EIA weekly petroleum status, week 45 2027","The Energy Information Administration publishes US crude oil, gasoline and distillate stocks, runs and product supplied.","Crude and product stocks move the oil complex, which still prices a large share of term LNG and so feeds European gas.",gas,,,,yes,"weekly, 10:30 eastern on Wednesdays, shifted for public holidays",https://www.eia.gov/petroleum/supply/weekly/schedule.php,Date generated from the standard weekly cadence stated on the release schedule page. The EIA publishes only its holiday exceptions as dates.,scheduled,2026-07-31,generated
2027-11-11,15:30,US,inventory,"EIA weekly natural gas storage, week 45 2027",The Energy Information Administration publishes working gas in underground storage for the lower 48 states.,The weekly storage change is the reference print for Henry Hub and sets the tone for TTF and NBP through the LNG arbitrage.,gas,,,,yes,"weekly, 10:30 eastern on Thursdays, shifted for public holidays",https://ir.eia.gov/ngs/schedule.html,Date generated from the standard weekly cadence stated on the release schedule page. The EIA publishes only its holiday exceptions as dates.,scheduled,2026-07-31,generated
2027-11-17,15:30,US,inventory,"EIA weekly petroleum status, week 46 2027","The Energy Information Administration publishes US crude oil, gasoline and distillate stocks, runs and product supplied.","Crude and product stocks move the oil complex, which still prices a large share of term LNG and so feeds European gas.",gas,,,,yes,"weekly, 10:30 eastern on Wednesdays, shifted for public holidays",https://www.eia.gov/petroleum/supply/weekly/schedule.php,Date generated from the standard weekly cadence stated on the release schedule page. The EIA publishes only its holiday exceptions as dates.,scheduled,2026-07-31,generated
2027-11-18,15:30,US,inventory,"EIA weekly natural gas storage, week 46 2027",The Energy Information Administration publishes working gas in underground storage for the lower 48 states.,The weekly storage change is the reference print for Henry Hub and sets the tone for TTF and NBP through the LNG arbitrage.,gas,,,,yes,"weekly, 10:30 eastern on Thursdays, shifted for public holidays",https://ir.eia.gov/ngs/schedule.html,Date generated from the standard weekly cadence stated on the release schedule page. The EIA publishes only its holiday exceptions as dates.,scheduled,2026-07-31,generated
2027-11-24,15:30,US,inventory,"EIA weekly petroleum status, week 47 2027","The Energy Information Administration publishes US crude oil, gasoline and distillate stocks, runs and product supplied.","Crude and product stocks move the oil complex, which still prices a large share of term LNG and so feeds European gas.",gas,,,,yes,"weekly, 10:30 eastern on Wednesdays, shifted for public holidays",https://www.eia.gov/petroleum/supply/weekly/schedule.php,Date generated from the standard weekly cadence stated on the release schedule page. The EIA publishes only its holiday exceptions as dates.,scheduled,2026-07-31,generated
2027-11-25,15:30,US,inventory,"EIA weekly natural gas storage, week 47 2027",The Energy Information Administration publishes working gas in underground storage for the lower 48 states.,The weekly storage change is the reference print for Henry Hub and sets the tone for TTF and NBP through the LNG arbitrage.,gas,,,,yes,"weekly, 10:30 eastern on Thursdays, shifted for public holidays",https://ir.eia.gov/ngs/schedule.html,Date generated from the standard weekly cadence stated on the release schedule page. The EIA publishes only its holiday exceptions as dates.,scheduled,2026-07-31,generated
2027-12-01,15:30,US,inventory,"EIA weekly petroleum status, week 48 2027","The Energy Information Administration publishes US crude oil, gasoline and distillate stocks, runs and product supplied.","Crude and product stocks move the oil complex, which still prices a large share of term LNG and so feeds European gas.",gas,,,,yes,"weekly, 10:30 eastern on Wednesdays, shifted for public holidays",https://www.eia.gov/petroleum/supply/weekly/schedule.php,Date generated from the standard weekly cadence stated on the release schedule page. The EIA publishes only its holiday exceptions as dates.,scheduled,2026-07-31,generated
2027-12-02,15:30,US,inventory,"EIA weekly natural gas storage, week 48 2027",The Energy Information Administration publishes working gas in underground storage for the lower 48 states.,The weekly storage change is the reference print for Henry Hub and sets the tone for TTF and NBP through the LNG arbitrage.,gas,,,,yes,"weekly, 10:30 eastern on Thursdays, shifted for public holidays",https://ir.eia.gov/ngs/schedule.html,Date generated from the standard weekly cadence stated on the release schedule page. The EIA publishes only its holiday exceptions as dates.,scheduled,2026-07-31,generated
2027-12-08,15:30,US,inventory,"EIA weekly petroleum status, week 49 2027","The Energy Information Administration publishes US crude oil, gasoline and distillate stocks, runs and product supplied.","Crude and product stocks move the oil complex, which still prices a large share of term LNG and so feeds European gas.",gas,,,,yes,"weekly, 10:30 eastern on Wednesdays, shifted for public holidays",https://www.eia.gov/petroleum/supply/weekly/schedule.php,Date generated from the standard weekly cadence stated on the release schedule page. The EIA publishes only its holiday exceptions as dates.,scheduled,2026-07-31,generated
2027-12-08,,US,rates,"FOMC monetary policy decision, December 2027",The Federal Open Market Committee closes a scheduled two day meeting and publishes its policy statement.,"US policy rates move the dollar and the market's read on global demand, which feeds through dollar priced crude and LNG into European gas.",both,,,,yes,"eight scheduled meetings a year, statement on the second day",https://www.federalreserve.gov/monetarypolicy/fomccalendars.htm,Meeting associated with a Summary of Economic Projections.,scheduled,2026-07-31,published
2027-12-09,15:30,US,inventory,"EIA weekly natural gas storage, week 49 2027",The Energy Information Administration publishes working gas in underground storage for the lower 48 states.,The weekly storage change is the reference print for Henry Hub and sets the tone for TTF and NBP through the LNG arbitrage.,gas,,,,yes,"weekly, 10:30 eastern on Thursdays, shifted for public holidays",https://ir.eia.gov/ngs/schedule.html,Date generated from the standard weekly cadence stated on the release schedule page. The EIA publishes only its holiday exceptions as dates.,scheduled,2026-07-31,generated
2027-12-15,15:30,US,inventory,"EIA weekly petroleum status, week 50 2027","The Energy Information Administration publishes US crude oil, gasoline and distillate stocks, runs and product supplied.","Crude and product stocks move the oil complex, which still prices a large share of term LNG and so feeds European gas.",gas,,,,yes,"weekly, 10:30 eastern on Wednesdays, shifted for public holidays",https://www.eia.gov/petroleum/supply/weekly/schedule.php,Date generated from the standard weekly cadence stated on the release schedule page. The EIA publishes only its holiday exceptions as dates.,scheduled,2026-07-31,generated
2027-12-16,,UK,rates,"Bank of England MPC decision, December 2027",The Monetary Policy Committee announces its Bank Rate decision and publishes the meeting minutes on the same day.,"Bank Rate sets the discount rate behind UK forward power and gas curves and moves sterling, which reprices imported LNG and interconnector flows.",both,,,,yes,"eight scheduled meetings a year, announcement at noon UK time",https://www.bankofengland.co.uk/monetary-policy/upcoming-mpc-dates,Provisional date as published by the Bank.,scheduled,2026-07-31,published
2027-12-16,,EU,rates,"ECB monetary policy decision, December 2027","The Governing Council closes its monetary policy meeting and announces its rate decision, followed by a press conference.",Euro area policy rates set the discount rate behind TTF and continental power curves and move the euro against dollar priced LNG.,both,,,,yes,"eight monetary policy meetings a year, decision on the second day",https://www.ecb.europa.eu/press/calendars/mgcgc/html/index.en.html,,scheduled,2026-07-31,published
2027-12-16,15:30,US,inventory,"EIA weekly natural gas storage, week 50 2027",The Energy Information Administration publishes working gas in underground storage for the lower 48 states.,The weekly storage change is the reference print for Henry Hub and sets the tone for TTF and NBP through the LNG arbitrage.,gas,,,,yes,"weekly, 10:30 eastern on Thursdays, shifted for public holidays",https://ir.eia.gov/ngs/schedule.html,Date generated from the standard weekly cadence stated on the release schedule page. The EIA publishes only its holiday exceptions as dates.,scheduled,2026-07-31,generated
2027-12-22,15:30,US,inventory,"EIA weekly petroleum status, week 51 2027","The Energy Information Administration publishes US crude oil, gasoline and distillate stocks, runs and product supplied.","Crude and product stocks move the oil complex, which still prices a large share of term LNG and so feeds European gas.",gas,,,,yes,"weekly, 10:30 eastern on Wednesdays, shifted for public holidays",https://www.eia.gov/petroleum/supply/weekly/schedule.php,Date generated from the standard weekly cadence stated on the release schedule page. The EIA publishes only its holiday exceptions as dates.,scheduled,2026-07-31,generated
2027-12-23,15:30,US,inventory,"EIA weekly natural gas storage, week 51 2027",The Energy Information Administration publishes working gas in underground storage for the lower 48 states.,The weekly storage change is the reference print for Henry Hub and sets the tone for TTF and NBP through the LNG arbitrage.,gas,,,,yes,"weekly, 10:30 eastern on Thursdays, shifted for public holidays",https://ir.eia.gov/ngs/schedule.html,Date generated from the standard weekly cadence stated on the release schedule page. The EIA publishes only its holiday exceptions as dates.,scheduled,2026-07-31,generated
2027-12-29,15:30,US,inventory,"EIA weekly petroleum status, week 52 2027","The Energy Information Administration publishes US crude oil, gasoline and distillate stocks, runs and product supplied.","Crude and product stocks move the oil complex, which still prices a large share of term LNG and so feeds European gas.",gas,,,,yes,"weekly, 10:30 eastern on Wednesdays, shifted for public holidays",https://www.eia.gov/petroleum/supply/weekly/schedule.php,Date generated from the standard weekly cadence stated on the release schedule page. The EIA publishes only its holiday exceptions as dates.,scheduled,2026-07-31,generated
2027-12-30,15:30,US,inventory,"EIA weekly natural gas storage, week 52 2027",The Energy Information Administration publishes working gas in underground storage for the lower 48 states.,The weekly storage change is the reference print for Henry Hub and sets the tone for TTF and NBP through the LNG arbitrage.,gas,,,,yes,"weekly, 10:30 eastern on Thursdays, shifted for public holidays",https://ir.eia.gov/ngs/schedule.html,Date generated from the standard weekly cadence stated on the release schedule page. The EIA publishes only its holiday exceptions as dates.,scheduled,2026-07-31,generated
2028-01-05,15:30,US,inventory,"EIA weekly petroleum status, week 1 2028","The Energy Information Administration publishes US crude oil, gasoline and distillate stocks, runs and product supplied.","Crude and product stocks move the oil complex, which still prices a large share of term LNG and so feeds European gas.",gas,,,,yes,"weekly, 10:30 eastern on Wednesdays, shifted for public holidays",https://www.eia.gov/petroleum/supply/weekly/schedule.php,Date generated from the standard weekly cadence stated on the release schedule page. The EIA publishes only its holiday exceptions as dates.,scheduled,2026-07-31,generated
2028-01-06,15:30,US,inventory,"EIA weekly natural gas storage, week 1 2028",The Energy Information Administration publishes working gas in underground storage for the lower 48 states.,The weekly storage change is the reference print for Henry Hub and sets the tone for TTF and NBP through the LNG arbitrage.,gas,,,,yes,"weekly, 10:30 eastern on Thursdays, shifted for public holidays",https://ir.eia.gov/ngs/schedule.html,Date generated from the standard weekly cadence stated on the release schedule page. The EIA publishes only its holiday exceptions as dates.,scheduled,2026-07-31,generated
2028-01-12,15:30,US,inventory,"EIA weekly petroleum status, week 2 2028","The Energy Information Administration publishes US crude oil, gasoline and distillate stocks, runs and product supplied.","Crude and product stocks move the oil complex, which still prices a large share of term LNG and so feeds European gas.",gas,,,,yes,"weekly, 10:30 eastern on Wednesdays, shifted for public holidays",https://www.eia.gov/petroleum/supply/weekly/schedule.php,Date generated from the standard weekly cadence stated on the release schedule page. The EIA publishes only its holiday exceptions as dates.,scheduled,2026-07-31,generated
2028-01-13,15:30,US,inventory,"EIA weekly natural gas storage, week 2 2028",The Energy Information Administration publishes working gas in underground storage for the lower 48 states.,The weekly storage change is the reference print for Henry Hub and sets the tone for TTF and NBP through the LNG arbitrage.,gas,,,,yes,"weekly, 10:30 eastern on Thursdays, shifted for public holidays",https://ir.eia.gov/ngs/schedule.html,Date generated from the standard weekly cadence stated on the release schedule page. The EIA publishes only its holiday exceptions as dates.,scheduled,2026-07-31,generated
2028-01-19,15:30,US,inventory,"EIA weekly petroleum status, week 3 2028","The Energy Information Administration publishes US crude oil, gasoline and distillate stocks, runs and product supplied.","Crude and product stocks move the oil complex, which still prices a large share of term LNG and so feeds European gas.",gas,,,,yes,"weekly, 10:30 eastern on Wednesdays, shifted for public holidays",https://www.eia.gov/petroleum/supply/weekly/schedule.php,Date generated from the standard weekly cadence stated on the release schedule page. The EIA publishes only its holiday exceptions as dates.,scheduled,2026-07-31,generated
2028-01-20,15:30,US,inventory,"EIA weekly natural gas storage, week 3 2028",The Energy Information Administration publishes working gas in underground storage for the lower 48 states.,The weekly storage change is the reference print for Henry Hub and sets the tone for TTF and NBP through the LNG arbitrage.,gas,,,,yes,"weekly, 10:30 eastern on Thursdays, shifted for public holidays",https://ir.eia.gov/ngs/schedule.html,Date generated from the standard weekly cadence stated on the release schedule page. The EIA publishes only its holiday exceptions as dates.,scheduled,2026-07-31,generated
2028-01-26,15:30,US,inventory,"EIA weekly petroleum status, week 4 2028","The Energy Information Administration publishes US crude oil, gasoline and distillate stocks, runs and product supplied.","Crude and product stocks move the oil complex, which still prices a large share of term LNG and so feeds European gas.",gas,,,,yes,"weekly, 10:30 eastern on Wednesdays, shifted for public holidays",https://www.eia.gov/petroleum/supply/weekly/schedule.php,Date generated from the standard weekly cadence stated on the release schedule page. The EIA publishes only its holiday exceptions as dates.,scheduled,2026-07-31,generated
2028-01-27,15:30,US,inventory,"EIA weekly natural gas storage, week 4 2028",The Energy Information Administration publishes working gas in underground storage for the lower 48 states.,The weekly storage change is the reference print for Henry Hub and sets the tone for TTF and NBP through the LNG arbitrage.,gas,,,,yes,"weekly, 10:30 eastern on Thursdays, shifted for public holidays",https://ir.eia.gov/ngs/schedule.html,Date generated from the standard weekly cadence stated on the release schedule page. The EIA publishes only its holiday exceptions as dates.,scheduled,2026-07-31,generated
